Food 2012	BKK12-0001.jpg	Bangkok
Food 2012	BKK12-0005.jpg	Bangkok
Food 2012	BKK12-0008.jpg	Bangkok
Food 2012	BKK12-0021.jpg	Bangkok
Food 2012	BKK12-0022.jpg	Bangkok
Food 2012	BKK12-0026.jpg	Bangkok
Food 2012	BKK12-0027.jpg	Bangkok
Food 2012	BKK12-0028.jpg	Bangkok
Food 2012	BKK12-0029.jpg	Bangkok
Food 2012	BKK12-0030.jpg	Bangkok
Food 2012	BKK12-0031.jpg	Bangkok
Food 2012	BKK12-0032.jpg	Bangkok
Food 2012	BKK12-0042.jpg	Bangkok
Food 2012	BKK12-0080.jpg	Bangkok
Food 2012	BKK12-0081.jpg	Bangkok
Food 2012	BKK12-0084.jpg	Bangkok
Food 2012	BKK12-0085.jpg	Bangkok
Food 2012	BKK12-0086.jpg	Bangkok
Food 2012	BKK12-0087.jpg	Bangkok
Food 2012	BKK12-0088.jpg	Bangkok
Food 2012	BKK12-0089.jpg	Bangkok
Food 2012	BKK12-0090.jpg	Bangkok
Food 2012	BKK12-0091.jpg	Bangkok
Food 2012	BKK12-0092.jpg	Bangkok
Food 2012	BKK12-0093.jpg	Bangkok
Food 2012	BKK12-0094.jpg	Bangkok
Food 2012	BKK12-0095.jpg	Bangkok
Food 2012	BKK12-0096.jpg	Bangkok
Food 2012	BKK12-0103.jpg	Bangkok
Food 2012	BKK12-0104.jpg	Bangkok
Food 2012	BKK12-0105.jpg	Bangkok
Food 2012	BKK12-0106.jpg	Bangkok
Food 2012	BKK12-0107.jpg	Bangkok
Food 2012	BKK12-0121.jpg	Bangkok
Food 2016	Bkk16-0001.jpg	Bangkok
Food 2016	Bkk16-0003.jpg	Bangkok
Food 2016	Bkk16-0004.jpg	Bangkok
Food 2016	Bkk16-0007.jpg	Bangkok
Food 2016	Bkk16-0008.jpg	Bangkok
Food 2016	Bkk16-0027.jpg	Bangkok
Food 2016	Bkk16-0028.jpg	Bangkok
Food 2016	Bkk16-0032.jpg	Bangkok
Food 2016	Bkk16-0033.jpg	Bangkok
Food 2016	Bkk16-0046.jpg	Bangkok
Food 2016	Bkk16-0055.jpg	Bangkok
Food 2016	Bkk16-0063.jpg	Bangkok
Food 2016	Bkk16-0064.jpg	Bangkok
Food 2016	Bkk16-0066.jpg	Bangkok
Food 2016	Bkk16-0067.jpg	Bangkok
Food 2016	Bkk16-0077.jpg	Bangkok
Food 2016	Bkk16-0094.jpg	Bangkok
Food 2016	Bkk16-0095.jpg	Bangkok
Food 2010	BKK2010-0008.jpg	Bangkok
Food 2010	BKK2010-0009.jpg	Bangkok
Food 2010	BKK2010-0030.jpg	Bangkok
Food 2010	BKK2010-0031.jpg	Bangkok
Food 2010	BKK2010-0032.jpg	Bangkok
Food 2010	BKK2010-0046.jpg	Bangkok
Food 2010	BKK2010-0047.jpg	Bangkok
Food 2010	BKK2010-0051.jpg	Bangkok
Food 2010	BKK2010-0071.jpg	Bangkok
Food 2010	BKK2010-0076.jpg	Bangkok
Food 2010	BKK2010-0077.jpg	Bangkok
Food 2010	BKK2010-0078.jpg	Bangkok
Food 2010	BKK2010-0084.jpg	Bangkok
Food 2010	BKK2010-0085.jpg	Bangkok
Food 2010	BKK2010-0086.jpg	Bangkok
Food 2026	BKK26-0001.jpg	Bangkok
Food 2026	BKK26-0003.jpg	Bangkok
more restos 2020-2026	BKK26-0004.jpg	Bangkok
Food 2026	BKK26-0004.jpg	Bangkok
Food 2026	BKK26-0005.jpg	Bangkok
Food 2026	BKK26-0012.jpg	Bangkok
Food 2026	BKK26-0013.jpg	Bangkok
Food 2026	BKK26-0014.jpg	Bangkok
Food 2026	BKK26-0015.jpg	Bangkok
Food 2026	BKK26-0016.jpg	Bangkok
Food 2026	BKK26-0017.jpg	Bangkok
Food 2026	BKK26-0019.jpg	Bangkok
Food 2026	BKK26-0021.jpg	Bangkok
Food 2026	BKK26-0022.jpg	Bangkok
Food 2026	BKK26-0023.jpg	Bangkok
Food 2026	BKK26-0024.jpg	Bangkok
Food 2026	BKK26-0030.jpg	Bangkok
Food 2026	BKK26-0032.jpg	Bangkok
Food 2026	BKK26-0033.jpg	Bangkok
Food 2026	BKK26-0034.jpg	Bangkok
Food 2026	BKK26-0035.jpg	Bangkok
Food 2026	BKK26-0036.jpg	Bangkok
Food 2026	BKK26-0037.jpg	Bangkok
Food 2026	BKK26-0039.jpg	Bangkok
Food 2026	BKK26-0040.jpg	Bangkok
Food 2026	BKK26-0041.jpg	Bangkok
Food 2026	BKK26-0042.jpg	Bangkok
more restos 2020-2026	BKK26-0042.jpg	Bangkok
Food 2026	BKK26-0043.jpg	Bangkok
Food 2026	BKK26-0044.jpg	Bangkok
Food 2026	BKK26-0045.jpg	Bangkok
Food 2026	BKK26-0046.jpg	Bangkok
Food 2026	BKK26-0047.jpg	Bangkok
Food 2026	BKK26-0051.jpg	Bangkok
Food 2026	BKK26-0052.jpg	Bangkok
Food 2026	BKK26-0053.jpg	Bangkok
Food 2026	BKK26-0054.jpg	Bangkok
Food 2018	MLKLBKK18-0112.jpg	Bangkok
Food 2018	MLKLBKK18-0113.jpg	Bangkok
Food 2018	MLKLBKK18-0114.jpg	Bangkok
Food 2018	MLKLBKK18-0115.jpg	Bangkok
Food 2018	MLKLBKK18-0116.jpg	Bangkok
Food 2018	MLKLBKK18-0117.jpg	Bangkok
Food 2018	MLKLBKK18-0118.jpg	Bangkok
Food 2018	MLKLBKK18-0119.jpg	Bangkok
Food 2018	MLKLBKK18-0120.jpg	Bangkok
Food 2018	MLKLBKK18-0121.jpg	Bangkok
Food 2018	MLKLBKK18-0129.jpg	Bangkok
Food 2018	MLKLBKK18-0134.jpg	Bangkok
more restos 2020-2026	SEA25-0686.jpg	Bangkok
Food 2014	TH14-0214.jpg	Bangkok
Food 2014	TH14-0215.jpg	Bangkok
Food 2014	TH14-0216.jpg	Bangkok
Food 2014	TH14-0217.jpg	Bangkok
Food 2014	TH14-0218.jpg	Bangkok
Food 2014	TH14-0219.jpg	Bangkok
Food 2014	TH14-0223.jpg	Bangkok
Food 2014	TH14-0224.jpg	Bangkok
Food 2014	TH14-0225.jpg	Bangkok
Food 2014	TH14-0226.jpg	Bangkok
Food 2014	TH14-0227.jpg	Bangkok
Food 2014	TH14-0231.jpg	Bangkok
Food 2014	TH14-0232.jpg	Bangkok
Food 2014	TH14-0233.jpg	Bangkok
Food 2014	TH14-0234.jpg	Bangkok
Food 2014	TH14-0240.jpg	Bangkok
Food 2014	TH14-0241.jpg	Bangkok
Food 2014	TH14-0242.jpg	Bangkok
Food 2014	TH14-0243.jpg	Bangkok
Food 2014	TH14-0244.jpg	Bangkok
Food 2014	TH14-0245.jpg	Bangkok
Food 2014	TH14-0249.jpg	Bangkok
Food 2014	TH14-0250.jpg	Bangkok
Food 2014	TH14-0251.jpg	Bangkok
Food 2014	TH14-0254.jpg	Bangkok
Food 2014	TH14-0255.jpg	Bangkok
Food 2014	TH14-0256.jpg	Bangkok
Food 2014	TH14-0257.jpg	Bangkok
Food 2014	TH14-0258.jpg	Bangkok
Food 2014	TH14-0259.jpg	Bangkok
Food 2014	TH14-0261.jpg	Bangkok
Food 2014	TH14-0262.jpg	Bangkok
Food 2014	TH14-0263.jpg	Bangkok
Food 2014	TH14-0264.jpg	Bangkok
Food 2014	TH14-0265.jpg	Bangkok
Food 2014	TH14-0266.jpg	Bangkok
Food 2014	TH14-0267.jpg	Bangkok
Food 2014	TH14-0268.jpg	Bangkok
Food 2014	TH14-0269.jpg	Bangkok
Food 2014	TH14-0274.jpg	Bangkok
Food 2014	TH14-0275.jpg	Bangkok
Food 2014	TH14-0276.jpg	Bangkok
Food 2014	TH14-0278.jpg	Bangkok
Food 2014	TH14-0279.jpg	Bangkok
Food 2014	TH14-0280.jpg	Bangkok
Food 2014	TH14-0281.jpg	Bangkok
Food 2014	TH14-0282.jpg	Bangkok
Food 2014	TH14-0283.jpg	Bangkok
Food 2014	TH14-0287.jpg	Bangkok
Food 2014	TH14-0288.jpg	Bangkok
Food 2014	TH14-0292.jpg	Bangkok
Food 2014	TH14-0293.jpg	Bangkok
Food 2014	TH14-0294.jpg	Bangkok
Food 2014	TH14-0295.jpg	Bangkok
Food 2014	TH14-0296.jpg	Bangkok
Food 2014	TH14-0297.jpg	Bangkok
Food 2014	TH14-0299.jpg	Bangkok
Food 2014	TH14-0300.jpg	Bangkok
Food 2014	TH14-0301.jpg	Bangkok
Food 2014	TH14-0305.jpg	Bangkok
Food 2014	TH14-0306.jpg	Bangkok
Food 2014	TH14-0307.jpg	Bangkok
Food 2014	TH14-0309.jpg	Bangkok
Food 2014	TH14-0310.jpg	Bangkok
Food 2014	TH14-0311.jpg	Bangkok
Food 2014	TH14-0312.jpg	Bangkok
Food 2014	TH14-0313.jpg	Bangkok
Food 2014	TH14-0314.jpg	Bangkok
Food 2014	TH14-0318.jpg	Bangkok
Food 2014	TH14-0319.jpg	Bangkok
Food 2014	TH14-0320.jpg	Bangkok
Food 2014	TH14-0321.jpg	Bangkok
Food 2014	TH14-0322.jpg	Bangkok
Food 2014	TH14-0323.jpg	Bangkok
Food 2014	TH14-0325.jpg	Bangkok
Food 2014	TH14-0326.jpg	Bangkok
Food 2014	TH14-0327.jpg	Bangkok
Food 2014	TH14-0329.jpg	Bangkok
Food 2014	TH14-0330.jpg	Bangkok
Food 2014	TH14-0332.jpg	Bangkok
Food 2014	TH14-0333.jpg	Bangkok
Food 2014	TH14-0337.jpg	Bangkok
Food 2014	TH14-0338.jpg	Bangkok
Food 2014	TH14-0345.jpg	Bangkok
Food 2014	TH14-0346.jpg	Bangkok
Food 2014	TH14-0348.jpg	Bangkok
Food 2014	TH14-0349.jpg	Bangkok
Food 2014	TH14-0350.jpg	Bangkok
Food 2014	TH14-0357.jpg	Bangkok
Food 2014	TH14-0358.jpg	Bangkok
Food 2014	TH14-0361.jpg	Bangkok
Food 2014	TH14-0362.jpg	Bangkok
Food 2024	TH24-0020.jpg	Bangkok
Food 2024	TH24-0024.jpg	Bangkok
Food 2024	TH24-0026.jpg	Bangkok
Food 2013	Thai13-0071.jpg	Bangkok
Food 2013	Thai13-0072.jpg	Bangkok
Food 2013	Thai13-0073.jpg	Bangkok
Food 2013	Thai13-0074.jpg	Bangkok
Food 2013	Thai13-0075.jpg	Bangkok
Food 2013	Thai13-0076.jpg	Bangkok
Food 2013	Thai13-0077.jpg	Bangkok
Food 2013	Thai13-0078.jpg	Bangkok
Food 2013	Thai13-0080.jpg	Bangkok
Food 2013	Thai13-0081.jpg	Bangkok
Food 2013	Thai13-0082.jpg	Bangkok
Food 2013	Thai13-0083.jpg	Bangkok
Food 2013	Thai13-0084.jpg	Bangkok
Food 2013	Thai13-0088.jpg	Bangkok
Food 2013	Thai13-0108.jpg	Bangkok
Food 2013	Thai13-0109.jpg	Bangkok
Food 2013	Thai13-0110.jpg	Bangkok
Food 2015	Thai15-0002.jpg	Bangkok
Food 2015	Thai15-0003.jpg	Bangkok
Food 2015	Thai15-0004.jpg	Bangkok
Food 2015	Thai15-0005.jpg	Bangkok
Food 2015	Thai15-0007.jpg	Bangkok
Food 2015	Thai15-0008.jpg	Bangkok
Food 2015	Thai15-0009.jpg	Bangkok
Food 2015	Thai15-0010.jpg	Bangkok
Food 2015	Thai15-0012.jpg	Bangkok
Food 2015	Thai15-0013.jpg	Bangkok
Food 2015	Thai15-0014.jpg	Bangkok
Food 2015	Thai15-0015.jpg	Bangkok
Food 2015	Thai15-0016.jpg	Bangkok
Food 2015	Thai15-0017.jpg	Bangkok
Food 2015	Thai15-0018.jpg	Bangkok
Food 2015	Thai15-0019.jpg	Bangkok
Food 2015	Thai15-0020.jpg	Bangkok
Food 2015	Thai15-0021.jpg	Bangkok
Food 2015	Thai15-0022.jpg	Bangkok
Food 2015	Thai15-0023.jpg	Bangkok
Food 2015	Thai15-0024.jpg	Bangkok
Food 2015	Thai15-0029.jpg	Bangkok
Food 2015	Thai15-0030.jpg	Bangkok
Food 2015	Thai15-0226.jpg	Bangkok
Food 2015	Thai15-0227.jpg	Bangkok
Food 2015	Thai15-0228.jpg	Bangkok
Food 2015	Thai15-0229.jpg	Bangkok
Food 2015	Thai15-0230.jpg	Bangkok
Food 2015	Thai15-0231.jpg	Bangkok
Food 2015	Thai15-0232.jpg	Bangkok
Food 2015	Thai15-0233.jpg	Bangkok
Food 2015	Thai15-0237.jpg	Bangkok
Food 2015	Thai15-0238.jpg	Bangkok
Food 2017	Thai17-0001.jpg	Bangkok
Food 2017	Thai17-0014.jpg	Bangkok
Food 2017	Thai17-0015.jpg	Bangkok
Food 2017	Thai17-0236.jpg	Bangkok
Food 2017	Thai17-0241.jpg	Bangkok
Food 2019	Thai19-0004.jpg	Bangkok
Food 2019	Thai19-0005.jpg	Bangkok
Food 2019	Thai19-0010.jpg	Bangkok
Food 2019	Thai19-0011.jpg	Bangkok
Food 2019	Thai19-0012.jpg	Bangkok
Food 2019	Thai19-0013.jpg	Bangkok
Food 2019	Thai19-0014.jpg	Bangkok
Food 2019	Thai19-0015.jpg	Bangkok
Food 2019	Thai19-0016.jpg	Bangkok
Food 2019	Thai19-0017.jpg	Bangkok
Food 2019	Thai19-0018.jpg	Bangkok
Food 2019	Thai19-0019.jpg	Bangkok
Food 2019	Thai19-0020.jpg	Bangkok
Food 2019	Thai19-0021.jpg	Bangkok
Food 2019	Thai19-0022.jpg	Bangkok
Food 2019	Thai19-0023.jpg	Bangkok
Food 2019	Thai19-0024.jpg	Bangkok
Food 2019	Thai19-0025.jpg	Bangkok
Food 2019	Thai19-0026.jpg	Bangkok
Food 2019	Thai19-0027.jpg	Bangkok
Food 2019	Thai19-0028.jpg	Bangkok
Food 2019	Thai19-0029.jpg	Bangkok
Food 2019	Thai19-0030.jpg	Bangkok
Food 2019	Thai19-0031.jpg	Bangkok
Food 2019	Thai19-0032.jpg	Bangkok
Food 2019	Thai19-0033.jpg	Bangkok
Food 2019	Thai19-0034.jpg	Bangkok
Food 2019	Thai19-0035.jpg	Bangkok
Food 2019	Thai19-0036.jpg	Bangkok
Food 2019	Thai19-0037.jpg	Bangkok
Food 2019	Thai19-0038.jpg	Bangkok
Food 2019	Thai19-0042.jpg	Bangkok
Food 2019	Thai19-0043.jpg	Bangkok
Food 2019	Thai19-0044.jpg	Bangkok
Food 2019	Thai19-0045.jpg	Bangkok
Food 2019	Thai19-0046.jpg	Bangkok
Food 2019	Thai19-0047.jpg	Bangkok
Food 2019	Thai19-0048.jpg	Bangkok
Food 2019	Thai19-0049.jpg	Bangkok
Food 2019	Thai19-0050.jpg	Bangkok
Food 2019	Thai19-0051.jpg	Bangkok
Food 2019	Thai19-0056.jpg	Bangkok
Food 2019	Thai19-0057.jpg	Bangkok
Food 2019	Thai19-0059.jpg	Bangkok
Food 2019	Thai19-0060.jpg	Bangkok
Food 2019	Thai19-0069.jpg	Bangkok
Food 2019	Thai19-0073.jpg	Bangkok
Food 2019	Thai19-0192.jpg	Bangkok
Food 2019	Thai19-0193.jpg	Bangkok
Food 2019	Thai19-0194.jpg	Bangkok
Food 2019	Thai19-0195.jpg	Bangkok
Food 2019	Thai19-0196.jpg	Bangkok
Food 2019	Thai19-0199.jpg	Bangkok
Food 2019	Thai19-0200.jpg	Bangkok
Food 2019	Thai19-0201.jpg	Bangkok
Food 2019	Thai19-0202.jpg	Bangkok
Food 2019	Thai19-0203.jpg	Bangkok
Food 2019	Thai19-0204.jpg	Bangkok
Food 2019	Thai19-0205.jpg	Bangkok
Food 2019	Thai19-0277.jpg	Bangkok
Food 2019	Thai19-0281.jpg	Bangkok
Food 2019	Thai19-0288.jpg	Bangkok
Food 2019	Thai19-0289.jpg	Bangkok
Food 2019	Thai19-0313.jpg	Bangkok
Food 2019	Thai19-0314.jpg	Bangkok
Food 2019	Thai19-0315.jpg	Bangkok
Food 2019	Thai19-0316.jpg	Bangkok
Food 2019	Thai19-0317.jpg	Bangkok
Food 2019	Thai19-0318.jpg	Bangkok
Food 2019	Thai19-0319.jpg	Bangkok
Food 2019	Thai19-0320.jpg	Bangkok
Food 2019	Thai19-0321.jpg	Bangkok
Food 2019	Thai19-0323.jpg	Bangkok
Food 2019	Thai19-0324.jpg	Bangkok
Food 2019	Thai19-0325.jpg	Bangkok
Food 2019	Thai19-0329.jpg	Bangkok
Food 2019	Thai19-0330.jpg	Bangkok
Food 2019	Thai19-0331.jpg	Bangkok
Food 2019	Thai19-0332.jpg	Bangkok
Food 2019	Thai19-0337.jpg	Bangkok
Food 2019	Thai19-0338.jpg	Bangkok
Food 2019	Thai19-0339.jpg	Bangkok
Food 2019	Thai19-0340.jpg	Bangkok
Food 2019	Thai19-0341.jpg	Bangkok
Food 2019	Thai19-0342.jpg	Bangkok
Food 2019	Thai19-0343.jpg	Bangkok
Food 2019	Thai19-0344.jpg	Bangkok
Food 2019	Thai19-0348.jpg	Bangkok
Food 2019	Thai19-0351.jpg	Bangkok
Food 2019	Thai19-0352.jpg	Bangkok
Food 2019	Thai19-0353.jpg	Bangkok
Food 2019	Thai19-0362.jpg	Bangkok
Food 2019	Thai19-0365.jpg	Bangkok
Food 2019	Thai19-0366.jpg	Bangkok
Food 2019	Thai19-0367.jpg	Bangkok
Food 2019	Thai19-0368.jpg	Bangkok
Food 2019	Thai19-0384.jpg	Bangkok
Food 2019	Thai19-0385.jpg	Bangkok
Food 2019	Thai19-0386.jpg	Bangkok
Food 2019	Thai19-0387.jpg	Bangkok
Food 2019	Thai19-0388.jpg	Bangkok
Food 2019	Thai19-0389.jpg	Bangkok
Food 2019	Thai19-0390.jpg	Bangkok
Food 2019	Thai19-0391.jpg	Bangkok
Food 2019	Thai19-0392.jpg	Bangkok
Food 2019	Thai19-0393.jpg	Bangkok
Food 2019	Thai19-0394.jpg	Bangkok
Food 2019	Thai19-0395.jpg	Bangkok
Food 2019	Thai19-0404.jpg	Bangkok
Food 2019	Thai19-0405.jpg	Bangkok
Food 2019	Thai19-0406.jpg	Bangkok
Food 2019	Thai19-0407.jpg	Bangkok
Food 2019	Thai19-0408.jpg	Bangkok
Food 2019	Thai19-0409.jpg	Bangkok
Food 2019	Thai19-0410.jpg	Bangkok
Food 2019	Thai19-0411.jpg	Bangkok
Food 2019	Thai19-0412.jpg	Bangkok
Food 2022	Thai22-0002.jpg	Bangkok
Food 2022	Thai22-0007.jpg	Bangkok
Food 2022	Thai22-0028.jpg	Bangkok
Food 2022	Thai22-0077.jpg	Bangkok
Food 2022	Thai22-0078.jpg	Bangkok
Food 2022	Thai22-0088.jpg	Bangkok
Food 2022	Thai22-0108.jpg	Bangkok
Food 2022	Thai22-0126.jpg	Bangkok
more restos 2020-2026	Thai22-0126.jpg	Bangkok
Food 2022	Thai22-0127.jpg	Bangkok
Food 2022	Thai22-0135.jpg	Bangkok
Food 2022	Thai22-0177.jpg	Bangkok
more restos 2020-2026	Thai22-0310.jpg	Bangkok
Food 2019	Thai19-0070.jpg	Bangkok  - Krua Porn La Mai
Food 2019	Thai19-0071.jpg	Bangkok  - Krua Porn La Mai
Food 2019	Thai19-0072.jpg	Bangkok  - Krua Porn La Mai
Food 2025	SEA25-0656.jpg	Bangkok -  Toy Kuay Teow Ruea
Food 2025	SEA25-0657.jpg	Bangkok -  Toy Kuay Teow Ruea
Food 2018	MLKLBKK18-0111.jpg	Bangkok - Airspace @ Groove
Food 2016	Bkk16-0073.jpg	Bangkok - Al Husain
Food 2016	Bkk16-0072.jpg	Bangkok - Al Hussain
Food 2019	Thai19-0287.jpg	Bangkok - Al Hussain
Food 2014	TH14-0308.jpg	Bangkok - Alchemist
Food 2018	MLKLBKK18-0133.jpg	Bangkok - Al-Husain
Food 2014	TH14-0334.jpg	Bangkok - All Six to Twelve
Food 2014	TH14-0335.jpg	Bangkok - All Six to Twelve
Food 2014	TH14-0336.jpg	Bangkok - All Six to Twelve
Food 2014	TH14-0343.jpg	Bangkok - All Six to Twelve
Food 2014	TH14-0344.jpg	Bangkok - All Six to Twelve
Food 2014	TH14-0370.jpg	Bangkok - All Six to Twelve
Food 2014	TH14-0371.jpg	Bangkok - All Six to Twelve
Food 2025	SEA25-0684.jpg	Bangkok - Alley Cat
Food 2010	BKK2010-0067.jpg	Bangkok - Another Hound @ Siam Paragon
Food 2010	BKK2010-0068.jpg	Bangkok - Another Hound @ Siam Paragon
Food 2010	BKK2010-0069.jpg	Bangkok - Another Hound @ Siam Paragon
Food 2010	BKK2010-0070.jpg	Bangkok - Another Hound @ Siam Paragon
Food 2016	Bkk16-0029.jpg	Bangkok - Apinara @ Groove
Food 2016	Bkk16-0030.jpg	Bangkok - Apinara @ Groove
Food 2016	Bkk16-0031.jpg	Bangkok - Apinara @ Groove
Food 2019	Thai19-0322.jpg	Bangkok - Arom D
Food 2013	Thai13-0090.jpg	Bangkok - Asiatique Riverside
Food 2013	Thai13-0091.jpg	Bangkok - Asiatique Riverside
Food 2013	Thai13-0092.jpg	Bangkok - Asiatique Riverside
Food 2013	Thai13-0093.jpg	Bangkok - Asiatique Riverside
Food 2013	Thai13-0094.jpg	Bangkok - Asiatique Riverside
Food 2013	Thai13-0095.jpg	Bangkok - Asiatique Riverside
Food 2013	Thai13-0096.jpg	Bangkok - Asiatique Riverside
Food 2013	Thai13-0097.jpg	Bangkok - Asiatique Riverside
Food 2025	SEA25-0696.jpg	Bangkok - AV Izakaya Saphan Khwai
Food 2025	SEA25-0697.jpg	Bangkok - AV Izakaya Saphan Khwai
Food 2025	SEA25-0698.jpg	Bangkok - AV Izakaya Saphan Khwai
Food 2016	Bkk16-0096.jpg	Bangkok - Baa-Ga-Din
Food 2016	Bkk16-0097.jpg	Bangkok - Baa-Ga-Din
Food 2016	Bkk16-0098.jpg	Bangkok - Baa-Ga-Din
Food 2016	Bkk16-0099.jpg	Bangkok - Baa-Ga-Din
Food 2019	Thai19-0345.jpg	Bangkok - Baan Glang Soi
Food 2019	Thai19-0346.jpg	Bangkok - Baan Glang Soi
Food 2019	Thai19-0347.jpg	Bangkok - Baan Glang Soi
Food 2017	Thai17-0245.jpg	Bangkok - Badmotel
Food 2017	Thai17-0246.jpg	Bangkok - Badmotel
Food 2017	Thai17-0247.jpg	Bangkok - Badmotel
Food 2012	BKK12-0082.jpg	Bangkok - Banglamphu
Food 2026	BKK26-0029.jpg	Bangkok - BEAZT Coffee
more restos 2020-2026	Thai22-0116.jpg	Bangkok - Bei Otto
Food 2026	BKK26-0006.jpeg	Bangkok - Bella B
Food 2026	BKK26-0007.jpg	Bangkok - Bella B
Food 2014	TH14-0298.jpg	Bangkok - Black Canyon Coffee
Food 2022	Thai22-0178.jpg	Bangkok - Brainwake
Food 2022	Thai22-0179.jpg	Bangkok - Brainwake
Food 2017	Thai17-0244.jpg	Bangkok - Brainwake CafÃ©
Food 2019	Thai19-0363.jpg	Bangkok - Bridge CafÃ©
Food 2018	MLKLBKK18-0122.jpg	Bangkok - Bua Sa At
Food 2018	MLKLBKK18-0123.jpg	Bangkok - Bua Sa At
Food 2018	MLKLBKK18-0124.jpg	Bangkok - Bua Sa At
Food 2018	MLKLBKK18-0125.jpg	Bangkok - Bua Sa At
Food 2018	MLKLBKK18-0126.jpg	Bangkok - Bua Sa At
Food 2010	BKK2010-0072.jpg	Bangkok - CafÃ© Chilli @ Siam Paragon
Food 2010	BKK2010-0073.jpg	Bangkok - CafÃ© Chilli @ Siam Paragon
Food 2010	BKK2010-0074.jpg	Bangkok - CafÃ© Chilli @ Siam Paragon
Food 2010	BKK2010-0075.jpg	Bangkok - CafÃ© Chilli @ Siam Paragon
Food 2025	SEA25-0847.jpg	Bangkok - CafÃ© S31
Food 2025	SEA25-0848.jpg	Bangkok - CafÃ© S31
Food 2025	SEA25-0849.jpg	Bangkok - CafÃ© S31
Food 2014	TH14-0246.jpg	Bangkok - Capri @ Asiatique
Food 2014	TH14-0247.jpg	Bangkok - Capri @ Asiatique
Food 2014	TH14-0248.jpg	Bangkok - Capri @ Asiatique
Food 2016	Bkk16-0009.jpg	Bangkok - Central Embassy
Food 2016	Bkk16-0010.jpg	Bangkok - Central Embassy
Food 2016	Bkk16-0026.jpg	Bangkok - Central Embassy
Food 2012	BKK12-0010.jpg	Bangkok - Centralworld
Food 2012	BKK12-0011.jpg	Bangkok - Centralworld
Food 2012	BKK12-0012.jpg	Bangkok - Centralworld
Food 2012	BKK12-0013.jpg	Bangkok - Centralworld
Food 2012	BKK12-0119.jpg	Bangkok - Centralworld
Food 2012	BKK12-0120.jpg	Bangkok - Centralworld
Food 2010	BKK2010-0049.jpg	Bangkok - Centralworld
Food 2010	BKK2010-0050.jpg	Bangkok - Centralworld
Food 2014	TH14-0339.jpg	Bangkok - Centralworld
Food 2010	BKK2010-0036.jpg	Bangkok - Centralworld Food Hall
Food 2010	BKK2010-0039.jpg	Bangkok - Centralworld Food Hall
Food 2013	Thai13-0070.jpg	Bangkok - Chatrium Riverside
Food 2013	Thai13-0079.jpg	Bangkok - Chatrium Riverside
Food 2013	Thai13-0089.jpg	Bangkok - Chatrium Riverside
Food 2010	BKK2010-0014.jpg	Bangkok - Cheap Charlie
Food 2013	Thai13-0098.jpg	Bangkok - Checkmate @ Asiatique
Food 2013	Thai13-0099.jpg	Bangkok - Checkmate @ Asiatique
Food 2013	Thai13-0100.jpg	Bangkok - Checkmate @ Asiatique
Food 2013	Thai13-0101.jpg	Bangkok - Checkmate @ Asiatique
Food 2013	Thai13-0102.jpg	Bangkok - Checkmate @ Asiatique
Food 2013	Thai13-0103.jpg	Bangkok - Checkmate @ Asiatique
Food 2013	Thai13-0104.jpg	Bangkok - Checkmate @ Asiatique
Food 2012	BKK12-0043.jpg	Bangkok - Chinatown
Food 2012	BKK12-0044.jpg	Bangkok - Chinatown
Food 2012	BKK12-0045.jpg	Bangkok - Chinatown
Food 2012	BKK12-0046.jpg	Bangkok - Chinatown
Food 2012	BKK12-0047.jpg	Bangkok - Chinatown
Food 2012	BKK12-0048.jpg	Bangkok - Chinatown
Food 2012	BKK12-0049.jpg	Bangkok - Chinatown
Food 2012	BKK12-0050.jpg	Bangkok - Chinatown
Food 2012	BKK12-0051.jpg	Bangkok - Chinatown
Food 2012	BKK12-0052.jpg	Bangkok - Chinatown
Food 2012	BKK12-0053.jpg	Bangkok - Chinatown
Food 2012	BKK12-0054.jpg	Bangkok - Chinatown
Food 2012	BKK12-0055.jpg	Bangkok - Chinatown
Food 2012	BKK12-0056.jpg	Bangkok - Chinatown
Food 2012	BKK12-0057.jpg	Bangkok - Chinatown
Food 2012	BKK12-0058.jpg	Bangkok - Chinatown
Food 2012	BKK12-0059.jpg	Bangkok - Chinatown
Food 2012	BKK12-0060.jpg	Bangkok - Chinatown
Food 2012	BKK12-0061.jpg	Bangkok - Chinatown
Food 2012	BKK12-0062.jpg	Bangkok - Chinatown
Food 2012	BKK12-0063.jpg	Bangkok - Chinatown
Food 2012	BKK12-0064.jpg	Bangkok - Chinatown
Food 2012	BKK12-0065.jpg	Bangkok - Chinatown
Food 2024	TH24-0286.jpg	Bangkok - Chinatown
Food 2024	TH24-0287.jpg	Bangkok - Chinatown
Food 2015	Thai15-0011.jpg	Bangkok - Clandestino
Food 2012	BKK12-0102.jpg	Bangkok - Coffee Club
Food 2012	BKK12-0108.jpg	Bangkok - Coffee Club
Food 2012	BKK12-0109.jpg	Bangkok - Coffee Club
Food 2014	TH14-0284.jpg	Bangkok - Corner CafÃ©
Food 2014	TH14-0285.jpg	Bangkok - Corner CafÃ©
Food 2014	TH14-0286.jpg	Bangkok - Corner CafÃ©
Food 2022	Thai22-0075.jpg	Bangkok - CPS
Food 2019	Thai19-0271.jpg	Bangkok - CPS @Terminal 21
Food 2012	BKK12-0023.jpg	Bangkok - Crystal Jade @ Siam Paragon
Food 2012	BKK12-0024.jpg	Bangkok - Crystal Jade @ Siam Paragon
Food 2012	BKK12-0025.jpg	Bangkok - Crystal Jade @ Siam Paragon
Food 2012	BKK12-0098.jpg	Bangkok - Crystal Jade @ Siam Paragon
Food 2010	BKK2010-0066.jpg	Bangkok - Crystal Jade @ Siam Paragon
Food 2014	TH14-0260.jpg	Bangkok - Crystal Jade @ Siam Paragon
Food 2016	Bkk16-0005.jpg	Bangkok - Din Tai Fung
Food 2016	Bkk16-0006.jpg	Bangkok - Din Tai Fung
Food 2012	BKK12-0014.jpg	Bangkok - Din Tai Fung @ Centralworld
Food 2012	BKK12-0015.jpg	Bangkok - Din Tai Fung @ Centralworld
Food 2012	BKK12-0016.jpg	Bangkok - Din Tai Fung @ Centralworld
Food 2012	BKK12-0017.jpg	Bangkok - Din Tai Fung @ Centralworld
Food 2012	BKK12-0018.jpg	Bangkok - Din Tai Fung @ Centralworld
Food 2012	BKK12-0019.jpg	Bangkok - Din Tai Fung @ Centralworld
Food 2012	BKK12-0020.jpg	Bangkok - Din Tai Fung @ Centralworld
Food 2014	TH14-0270.jpg	Bangkok - Din Tai Fung @ CTW
Food 2014	TH14-0271.jpg	Bangkok - Din Tai Fung @ CTW
Food 2014	TH14-0272.jpg	Bangkok - Din Tai Fung @ CTW
Food 2014	TH14-0273.jpg	Bangkok - Din Tai Fung @ CTW
Food 2015	Thai15-0239.jpg	Bangkok - Din Tai Fung @ CTW
Food 2014	TH14-0001.jpg	Bangkok - Don Muang
Food 2010	BKK2010-0044.jpg	Bangkok - Dream Hotel
Food 2010	BKK2010-0045.jpg	Bangkok - Dream Hotel
Food 2010	BKK2010-0087.jpg	Bangkok - Dream Hotel
Food 2022	Thai22-0051.jpg	Bangkok - Duklong
Food 2022	Thai22-0052.jpg	Bangkok - Duklong
Food 2022	Thai22-0311.jpg	Bangkok - Duklong
Food 2022	Thai22-0312.jpg	Bangkok - Duklong
Food 2022	Thai22-0050.jpg	Bangkok - Duklong Cafe
Food 2022	Thai22-0059.jpg	Bangkok - Eat Sight Story
more restos 2020-2026	Thai22-0060.jpg	Bangkok - Eat Sight Story
Food 2022	Thai22-0060.jpg	Bangkok - Eat Sight Story
Food 2022	Thai22-0061.jpg	Bangkok - Eat Sight Story
Food 2012	BKK12-0110.jpg	Bangkok - Ekkamai
Food 2016	Bkk16-0015.jpg	Bangkok - EmQuartier
Food 2016	Bkk16-0016.jpg	Bangkok - EmQuartier
Food 2016	Bkk16-0020.jpg	Bangkok - EmQuartier
Food 2016	Bkk16-0021.jpg	Bangkok - EmQuartier
Food 2016	Bkk16-0022.jpg	Bangkok - EmQuartier
Food 2016	Bkk16-0024.jpg	Bangkok - EmQuartier
more restos 2020-2026	TH24-0062.jpg	Bangkok - EmSphere
Food 2024	TH24-0065.jpg	Bangkok - EmSphere
Food 2012	BKK12-0009.jpg	Bangkok - Erawan
Food 2024	TH24-0011.jpg	Bangkok - EsPeRo
more restos 2020-2026	TH24-0011.jpg	Bangkok - EsPeRo
Food 2024	TH24-0028.jpg	Bangkok - EsPeRo
Food 2019	Thai19-0301.jpg	Bangkok - Fallabella @IconSiam
Food 2019	Thai19-0302.jpg	Bangkok - Fallabella @IconSiam
Food 2019	Thai19-0303.jpg	Bangkok - Fallabella @IconSiam
Food 2019	Thai19-0304.jpg	Bangkok - Fallabella @IconSiam
Food 2024	TH24-0059.jpg	Bangkok - Food Court @ Siam Paragon
Food 2019	Thai19-0283.jpg	Bangkok - Food Court@ The Street
Food 2019	Thai19-0274.jpg	Bangkok - Food Republic
Food 2019	Thai19-0275.jpg	Bangkok - Food Republic
Food 2019	Thai19-0276.jpg	Bangkok - Food Republic
Food 2015	Thai15-0028.jpg	Bangkok - Fortville GH
Food 2013	Thai13-0105.jpg	Bangkok - Fusion
Food 2013	Thai13-0106.jpg	Bangkok - Fusion
Food 2013	Thai13-0107.jpg	Bangkok - Fusion
Food 2024	TH24-0052.jpg	Bangkok - Gastro Kafe
Food 2024	TH24-0292.jpg	Bangkok - Gastro Kafe
Food 2019	Thai19-0197.jpg	Bangkok - Gastro Kafe
Food 2019	Thai19-0198.jpg	Bangkok - Gastro Kafe
Food 2022	Thai22-0111.jpg	Bangkok - Gastro Kafe
Food 2022	Thai22-0114.jpg	Bangkok - Gastro Kafe
more restos 2020-2026	BKK26-0049.jpg	Bangkok - G's
Food 2026	BKK26-0049.jpg	Bangkok - G's
Food 2026	BKK26-0050.jpg	Bangkok - G's
Food 2019	Thai19-0278.jpg	Bangkok - G's
Food 2019	Thai19-0068.jpg	Bangkok - H Roaster CafÃ©
Food 2019	Thai19-0058.jpg	Bangkok - Happy Espresso
Food 2010	BKK2010-0088.jpg	Bangkok - Harvey
Food 2010	BKK2010-0089.jpg	Bangkok - Harvey
Food 2010	BKK2010-0090.jpg	Bangkok - Harvey
Food 2010	BKK2010-0091.jpg	Bangkok - Harvey
Food 2010	BKK2010-0092.jpg	Bangkok - Harvey
Food 2010	BKK2010-0093.jpg	Bangkok - Harvey
Food 2024	TH24-0296.jpg	Bangkok - Heaven on Earth
Food 2014	TH14-0289.jpg	Bangkok - Hemlock
Food 2014	TH14-0290.jpg	Bangkok - Hemlock
Food 2014	TH14-0291.jpg	Bangkok - Hemlock
Food 2025	SEA25-0685.jpg	Bangkok - Hero Moo Plara
Food 2024	TH24-0057.jpg	Bangkok - Hero Moo Plara
Food 2010	BKK2010-0094.jpg	Bangkok - Himalaya Residence
Food 2010	BKK2010-0095.jpg	Bangkok - Himalaya Residence
Food 2017	Thai17-0243.jpg	Bangkok - HOBS Rain Hill
Food 2022	Thai22-0115.jpg	Bangkok - Holey Bakery
Food 2016	Bkk16-0025.jpg	Bangkok - Hong Bao @ Central Embassy
Food 2015	Thai15-0235.jpg	Bangkok - Hong Bao Central Embassy
Food 2015	Thai15-0236.jpg	Bangkok - Hong Bao Central Embassy
Food 2015	Thai15-0026.jpg	Bangkok - Hong Kong Noodle
Food 2015	Thai15-0027.jpg	Bangkok - Hong Kong Noodle
Food 2019	Thai19-0290.jpg	Bangkok - IconSiam
Food 2019	Thai19-0291.jpg	Bangkok - IconSiam
Food 2019	Thai19-0292.jpg	Bangkok - IconSiam
Food 2019	Thai19-0293.jpg	Bangkok - IconSiam
Food 2019	Thai19-0294.jpg	Bangkok - IconSiam
Food 2019	Thai19-0295.jpg	Bangkok - IconSiam
Food 2019	Thai19-0296.jpg	Bangkok - IconSiam
Food 2019	Thai19-0297.jpg	Bangkok - IconSiam
Food 2019	Thai19-0298.jpg	Bangkok - IconSiam
Food 2019	Thai19-0299.jpg	Bangkok - IconSiam
Food 2019	Thai19-0300.jpg	Bangkok - IconSiam
Food 2019	Thai19-0305.jpg	Bangkok - IconSiam
Food 2019	Thai19-0306.jpg	Bangkok - IconSiam
Food 2019	Thai19-0307.jpg	Bangkok - IconSiam
Food 2019	Thai19-0308.jpg	Bangkok - IconSiam
Food 2019	Thai19-0309.jpg	Bangkok - IconSiam
Food 2019	Thai19-0310.jpg	Bangkok - IconSiam
Food 2019	Thai19-0311.jpg	Bangkok - IconSiam
Food 2019	Thai19-0312.jpg	Bangkok - IconSiam
Food 2026	BKK26-0002.jpg	Bangkok - Isara Local Bar & Brewery
Food 2019	Thai19-0052.jpg	Bangkok - Jay Hong
Food 2019	Thai19-0053.jpg	Bangkok - Jay Hong
Food 2019	Thai19-0054.jpg	Bangkok - Jay Hong
Food 2019	Thai19-0055.jpg	Bangkok - Jay Hong
more restos 2020-2026	Thai22-0167.jpg	Bangkok - Jodd Fairs
Food 2022	Thai22-0169.jpg	Bangkok - Jodd Fairs
Food 2022	Thai22-0172.jpg	Bangkok - Jodd Fairs
Food 2022	Thai22-0173.jpg	Bangkok - Jodd Fairs
Food 2025	SEA25-0654.jpg	Bangkok - Jong Dimsum
Food 2022	Thai22-0083.jpg	Bangkok - Kabocha Sushi
Food 2022	Thai22-0085.jpg	Bangkok - Kabocha Sushi
Food 2022	Thai22-0086.jpg	Bangkok - Kabocha Sushi
Food 2016	Bkk16-0047.jpg	Bangkok - Kabocha Sushi @ The Street
Food 2016	Bkk16-0048.jpg	Bangkok - Kabocha Sushi @ The Street
Food 2016	Bkk16-0060.jpg	Bangkok - Kabocha Sushi @ The Street
Food 2016	Bkk16-0061.jpg	Bangkok - Kabocha Sushi @ The Street
Food 2016	Bkk16-0062.jpg	Bangkok - Kabocha Sushi @ The Street
Food 2017	Thai17-0002.jpg	Bangkok - Kabocha Sushi @ The Street
Food 2017	Thai17-0003.jpg	Bangkok - Kabocha Sushi @ The Street
Food 2017	Thai17-0004.jpg	Bangkok - Kabocha Sushi @ The Street
Food 2017	Thai17-0005.jpg	Bangkok - Kabocha Sushi @ The Street
Food 2017	Thai17-0006.jpg	Bangkok - Kabocha Sushi @ The Street
Food 2017	Thai17-0250.jpg	Bangkok - Kabocha Sushi @ The Street
Food 2017	Thai17-0251.jpg	Bangkok - Kabocha Sushi @ The Street
Food 2017	Thai17-0252.jpg	Bangkok - Kabocha Sushi @ The Street
Food 2019	Thai19-0062.jpg	Bangkok - Kabocha Sushi @The Street
Food 2019	Thai19-0063.jpg	Bangkok - Kabocha Sushi @The Street
Food 2019	Thai19-0064.jpg	Bangkok - Kabocha Sushi @The Street
Food 2019	Thai19-0065.jpg	Bangkok - Kabocha Sushi @The Street
Food 2019	Thai19-0284.jpg	Bangkok - Kabocha Sushi @The Street
Food 2019	Thai19-0285.jpg	Bangkok - Kabocha Sushi @The Street
Food 2019	Thai19-0286.jpg	Bangkok - Kabocha Sushi @The Street
Food 2026	BKK26-0008.jpg	Bangkok - KAFI Sathon
Food 2010	BKK2010-0048.jpg	Bangkok - Katsu @ CTW
Food 2012	BKK12-0071.jpg	Bangkok - Ko Kret
Food 2012	BKK12-0072.jpg	Bangkok - Ko Kret
Food 2012	BKK12-0073.jpg	Bangkok - Ko Kret
Food 2012	BKK12-0074.jpg	Bangkok - Ko Kret
Food 2012	BKK12-0075.jpg	Bangkok - Ko Kret
Food 2012	BKK12-0076.jpg	Bangkok - Ko Kret
Food 2012	BKK12-0077.jpg	Bangkok - Ko Kret
Food 2012	BKK12-0078.jpg	Bangkok - Ko Kret
Food 2012	BKK12-0079.jpg	Bangkok - Ko Kret
Food 2022	Thai22-0138.jpg	Bangkok - Kogiku
Food 2022	Thai22-0139.jpg	Bangkok - Kogiku
Food 2022	Thai22-0140.jpg	Bangkok - Kogiku
Food 2022	Thai22-0141.jpg	Bangkok - Kogiku
Food 2022	Thai22-0142.jpg	Bangkok - Kogiku
Food 2019	Thai19-0006.jpg	Bangkok - Krua Apsorn
Food 2019	Thai19-0007.jpg	Bangkok - Krua Apsorn
Food 2019	Thai19-0008.jpg	Bangkok - Krua Apsorn
Food 2019	Thai19-0009.jpg	Bangkok - Krua Apsorn
Food 2019	Thai19-0326.jpg	Bangkok - Krua Apsorn
Food 2019	Thai19-0327.jpg	Bangkok - Krua Apsorn
Food 2019	Thai19-0328.jpg	Bangkok - Krua Apsorn
Food 2019	Thai19-0333.jpg	Bangkok - Krua Porn Lamai
Food 2019	Thai19-0334.jpg	Bangkok - Krua Porn Lamai
Food 2019	Thai19-0335.jpg	Bangkok - Krua Porn Lamai
Food 2018	MLKLBKK18-0130.jpg	Bangkok - KubKao' KubPla Emquartier
Food 2018	MLKLBKK18-0131.jpg	Bangkok - KubKao' KubPla Emquartier
Food 2018	MLKLBKK18-0132.jpg	Bangkok - KubKao' KubPla Emquartier
Food 2019	Thai19-0354.jpg	Bangkok - Laab Ubon Kontrakran
Food 2019	Thai19-0355.jpg	Bangkok - Laab Ubon Kontrakran
Food 2019	Thai19-0356.jpg	Bangkok - Laab Ubon Kontrakran
Food 2019	Thai19-0357.jpg	Bangkok - Laab Ubon Kontrakran
Food 2017	Thai17-0248.jpg	Bangkok - Le RÃªve
Food 2017	Thai17-0249.jpg	Bangkok - Le RÃªve
Food 2010	BKK2010-0053.jpg	Bangkok - Long Table
Food 2010	BKK2010-0054.jpg	Bangkok - Long Table
Food 2010	BKK2010-0055.jpg	Bangkok - Long Table
Food 2010	BKK2010-0056.jpg	Bangkok - Long Table
Food 2010	BKK2010-0057.jpg	Bangkok - Long Table
Food 2010	BKK2010-0058.jpg	Bangkok - Long Table
Food 2010	BKK2010-0059.jpg	Bangkok - Long Table
Food 2010	BKK2010-0060.jpg	Bangkok - Long Table
Food 2010	BKK2010-0061.jpg	Bangkok - Long Table
Food 2010	BKK2010-0062.jpg	Bangkok - Long Table
Food 2010	BKK2010-0063.jpg	Bangkok - Long Table
Food 2010	BKK2010-0064.jpg	Bangkok - Long Table
Food 2010	BKK2010-0065.jpg	Bangkok - Long Table
Food 2025	SEA25-0005.jpg	Bangkok - Madamzab
Food 2025	SEA25-0006.jpg	Bangkok - Madamzab
Food 2025	SEA25-0649.jpg	Bangkok - Madamzab
Food 2025	SEA25-0650.jpg	Bangkok - Madamzab
Food 2019	Thai19-0188.jpg	Bangkok - Madamzab
Food 2025	SEA25-0683.jpg	Bangkok - Momo Samsen
Food 2022	Thai22-0302.jpg	Bangkok - Momo Samsen
Food 2022	Thai22-0303.jpg	Bangkok - Momo Samsen
Food 2022	Thai22-0304.jpg	Bangkok - Momo Samsen
Food 2025	SEA25-0004.jpg	Bangkok - Moonshine Bar
Food 2024	TH24-0049.jpg	Bangkok - Moonshine Bar
Food 2024	TH24-0050.jpg	Bangkok - Moonshine Bar
more restos 2020-2026	TH24-0308.jpg	Bangkok - Mother Roaster
Food 2024	TH24-0309.jpg	Bangkok - Mother Roaster
Food 2024	TH24-0258.jpg	Bangkok - Nai Meng
Food 2024	TH24-0259.jpg	Bangkok - Nai Meng
Food 2014	TH14-0359.jpg	Bangkok - Ninive
Food 2014	TH14-0360.jpg	Bangkok - Ninive
Food 2010	BKK2010-0020.jpg	Bangkok - Nippon Kai @ Siam Paragon
Food 2010	BKK2010-0015.jpg	Bangkok - Nobu
Food 2010	BKK2010-0016.jpg	Bangkok - Nobu
Food 2010	BKK2010-0017.jpg	Bangkok - Nobu
Food 2024	TH24-0006.jpg	Bangkok - Northeast
Food 2024	TH24-0007.jpg	Bangkok - Northeast
Food 2016	Bkk16-0034.jpg	Bangkok - Octave Skybar @ Marriott Sukhumvit
Food 2016	Bkk16-0035.jpg	Bangkok - Octave Skybar @ Marriott Sukhumvit
Food 2016	Bkk16-0036.jpg	Bangkok - Octave Skybar @ Marriott Sukhumvit
Food 2016	Bkk16-0037.jpg	Bangkok - Octave Skybar @ Marriott Sukhumvit
Food 2016	Bkk16-0038.jpg	Bangkok - Octave Skybar @ Marriott Sukhumvit
Food 2016	Bkk16-0039.jpg	Bangkok - Octave Skybar @ Marriott Sukhumvit
Food 2016	Bkk16-0040.jpg	Bangkok - Octave Skybar @ Marriott Sukhumvit
Food 2016	Bkk16-0041.jpg	Bangkok - Octave Skybar @ Marriott Sukhumvit
Food 2016	Bkk16-0042.jpg	Bangkok - Octave Skybar @ Marriott Sukhumvit
Food 2016	Bkk16-0043.jpg	Bangkok - Octave Skybar @ Marriott Sukhumvit
Food 2016	Bkk16-0044.jpg	Bangkok - Octave Skybar @ Marriott Sukhumvit
Food 2016	Bkk16-0045.jpg	Bangkok - Octave Skybar @ Marriott Sukhumvit
more restos 2020-2026	TH24-0316.jpg	Bangkok - Olive
Food 2024	TH24-0317.jpg	Bangkok - Olive
Food 2024	TH24-0318.jpg	Bangkok - Olive
Food 2012	BKK12-0097.jpg	Bangkok - Ootoya
Food 2010	BKK2010-0034.jpg	Bangkok - Ootoya @ CTW
Food 2010	BKK2010-0035.jpg	Bangkok - Ootoya @ CTW
Food 2012	BKK12-0068.jpg	Bangkok - Pak Kret
Food 2012	BKK12-0069.jpg	Bangkok - Pak Kret
Food 2012	BKK12-0070.jpg	Bangkok - Pak Kret
Food 2012	BKK12-0099.jpg	Bangkok - Paradise Dynasty @ Siam Paragon
Food 2012	BKK12-0100.jpg	Bangkok - Paradise Dynasty @ Siam Paragon
Food 2012	BKK12-0101.jpg	Bangkok - Paradise Dynasty @ Siam Paragon
Food 2013	Thai13-0085.jpg	Bangkok - Paradise Dynasty @ Siam Paragon
Food 2013	Thai13-0086.jpg	Bangkok - Paradise Dynasty @ Siam Paragon
Food 2013	Thai13-0087.jpg	Bangkok - Paradise Dynasty @ Siam Paragon
Food 2019	Thai19-0003.jpg	Bangkok - Petit Peyton
Food 2022	Thai22-0102.jpg	Bangkok - Petit Peyton
Food 2010	BKK2010-0101.jpg	Bangkok - Phiman Waterview
Food 2016	Bkk16-0057.jpg	Bangkok - Pier 21
Food 2016	Bkk16-0058.jpg	Bangkok - Pier 21
Food 2016	Bkk16-0059.jpg	Bangkok - Pier 21
Food 2014	TH14-0302.jpg	Bangkok - Pier 21
Food 2014	TH14-0303.jpg	Bangkok - Pier 21
Food 2014	TH14-0304.jpg	Bangkok - Pier 21
Food 2017	Thai17-0007.jpg	Bangkok - Pier 21
Food 2017	Thai17-0008.jpg	Bangkok - Pier 21
Food 2022	Thai22-0076.jpg	Bangkok - Pier 21
Food 2024	TH24-0029.jpg	Bangkok - Pier21
Food 2024	TH24-0030.jpg	Bangkok - Pier21
Food 2024	TH24-0061.jpg	Bangkok - Pier21
Food 2019	Thai19-0001.jpg	Bangkok - Pier21
Food 2019	Thai19-0002.jpg	Bangkok - Pier21
Food 2019	Thai19-0272.jpg	Bangkok - Pier21
Food 2019	Thai19-0273.jpg	Bangkok - Pier21
Food 2026	BKK26-0031.jpg	Bangkok - Pobnar specialty coffee
Food 2024	TH24-0055.jpg	Bangkok - Popiang
Food 2026	BKK26-0009.jpg	Bangkok - Praram 9 Kaiyang
more restos 2020-2026	BKK26-0009.jpg	Bangkok - Praram 9 Kaiyang
Food 2026	BKK26-0010.jpg	Bangkok - Praram 9 Kaiyang
Food 2026	BKK26-0011.jpg	Bangkok - Praram 9 Kaiyang
Food 2012	BKK12-0003.jpg	Bangkok - President Solitaire
Food 2012	BKK12-0004.jpg	Bangkok - President Solitaire
Food 2012	BKK12-0006.jpg	Bangkok - President Solitaire
Food 2012	BKK12-0007.jpg	Bangkok - President Solitaire
Food 2010	BKK2010-0021.jpg	Bangkok - President Solitaire
Food 2010	BKK2010-0022.jpg	Bangkok - President Solitaire
Food 2010	BKK2010-0023.jpg	Bangkok - President Solitaire
Food 2010	BKK2010-0040.jpg	Bangkok - President Solitaire
Food 2010	BKK2010-0041.jpg	Bangkok - President Solitaire
Food 2010	BKK2010-0042.jpg	Bangkok - President Solitaire
Food 2015	Thai15-0001.jpg	Bangkok - Pua-Kee
Food 2012	BKK12-0083.jpg	Bangkok - Rambuttri Village
Food 2022	Thai22-0324.jpg	Bangkok - Rang Mahal
Food 2022	Thai22-0327.jpg	Bangkok - Rang Mahal
Food 2022	Thai22-0328.jpg	Bangkok - Rang Mahal
more restos 2020-2026	Thai22-0329.jpg	Bangkok - Rang Mahal
Food 2014	TH14-0351.jpg	Bangkok - Reflections @ Terminal 21
Food 2014	TH14-0352.jpg	Bangkok - Reflections @ Terminal 21
Food 2014	TH14-0353.jpg	Bangkok - Reflections @ Terminal 21
Food 2014	TH14-0354.jpg	Bangkok - Reflections @ Terminal 21
Food 2014	TH14-0355.jpg	Bangkok - Reflections @ Terminal 21
Food 2016	Bkk16-0084.jpg	Bangkok - Retro CafÃ© @ Rod Fai Night Market Ratchada
Food 2016	Bkk16-0085.jpg	Bangkok - Retro CafÃ© @ Rod Fai Night Market Ratchada
Food 2016	Bkk16-0086.jpg	Bangkok - Retro CafÃ© @ Rod Fai Night Market Ratchada
Food 2016	Bkk16-0087.jpg	Bangkok - Retro CafÃ© @ Rod Fai Night Market Ratchada
Food 2026	BKK26-0018.jpg	Bangkok - Richdee's
more restos 2020-2026	TH24-0275.jpg	Bangkok - River View Residence
Food 2024	TH24-0281.jpg	Bangkok - River View Residence
Food 2024	TH24-0282.jpg	Bangkok - River View Residence
Food 2024	TH24-0305.jpg	Bangkok - River View Residence
Food 2024	TH24-0306.jpg	Bangkok - River View Residence
Food 2016	Bkk16-0080.jpg	Bangkok - Rod Fai Night Market Ratchada
Food 2016	Bkk16-0081.jpg	Bangkok - Rod Fai Night Market Ratchada
Food 2016	Bkk16-0082.jpg	Bangkok - Rod Fai Night Market Ratchada
Food 2016	Bkk16-0083.jpg	Bangkok - Rod Fai Night Market Ratchada
Food 2016	Bkk16-0088.jpg	Bangkok - Rod Fai Night Market Ratchada
Food 2016	Bkk16-0089.jpg	Bangkok - Rod Fai Night Market Ratchada
Food 2016	Bkk16-0090.jpg	Bangkok - Rod Fai Night Market Ratchada
Food 2016	Bkk16-0091.jpg	Bangkok - Rod Fai Night Market Ratchada
Food 2016	Bkk16-0049.jpg	Bangkok - Rod Fai Train Night Market
Food 2016	Bkk16-0050.jpg	Bangkok - Rod Fai Train Night Market
Food 2016	Bkk16-0051.jpg	Bangkok - Rod Fai Train Night Market
Food 2016	Bkk16-0052.jpg	Bangkok - Rod Fai Train Night Market
Food 2016	Bkk16-0053.jpg	Bangkok - Rod Fai Train Night Market
Food 2016	Bkk16-0054.jpg	Bangkok - Rod Fai Train Night Market - Burn Baby Burn
Food 2018	MLKLBKK18-0107.jpg	Bangkok - Rot Fai Train Night Market
Food 2018	MLKLBKK18-0108.jpg	Bangkok - Rot Fai Train Night Market
Food 2018	MLKLBKK18-0109.jpg	Bangkok - Rot Fai Train Night Market
Food 2018	MLKLBKK18-0110.jpg	Bangkok - Rot Fai Train Night Market
Food 2017	Thai17-0016.jpg	Bangkok - Rot Fai Train Night Market
Food 2017	Thai17-0017.jpg	Bangkok - Rot Fai Train Night Market
Food 2017	Thai17-0018.jpg	Bangkok - Rot Fai Train Night Market
Food 2019	Thai19-0189.jpg	Bangkok - Rot Fai Train Night Market
Food 2019	Thai19-0190.jpg	Bangkok - Rot Fai Train Night Market
Food 2019	Thai19-0191.jpg	Bangkok - Rot Fai Train Night Market
Food 2016	Bkk16-0065.jpg	Bangkok - Rung Rueang
more restos 2020-2026	BKK26-0025.jpg	Bangkok - Samkaew Craft Beer
Food 2026	BKK26-0025.jpg	Bangkok - Samkaew Craft Beer
Food 2026	BKK26-0026.jpg	Bangkok - Samkaew Craft Beer
Food 2026	BKK26-0027.jpg	Bangkok - Samkaew Craft Beer
Food 2026	BKK26-0028.jpg	Bangkok - Samkaew Craft Beer
Food 2022	Thai22-0314.jpg	Bangkok - SanÃ© Phuthong
more restos 2020-2026	Thai22-0039.jpg	Bangkok - SanÃ© Phutong
more restos 2020-2026	Thai22-0040.jpg	Bangkok - SanÃ© Phutong
more restos 2020-2026	Thai22-0041.jpg	Bangkok - SanÃ© Phutong
Food 2019	Thai19-0349.jpg	Bangkok - Sathorn Saint View
Food 2019	Thai19-0350.jpg	Bangkok - Sathorn Saint View
Food 2022	Thai22-0073.jpg	Bangkok - Sawang Noodles
Food 2022	Thai22-0074.jpg	Bangkok - Sawang Noodles
Food 2010	BKK2010-0033.jpg	Bangkok - Segafredo @ CTW
Food 2010	BKK2010-0037.jpg	Bangkok - Segafredo @ CTW
Food 2010	BKK2010-0038.jpg	Bangkok - Segafredo @ CTW
Food 2019	Thai19-0282.jpg	Bangkok - Segafredo @Central Plaza Rama 9
Food 2024	TH24-0016.jpg	Bangkok - Shinkanzen @ Samyan Mitrtown
Food 2024	TH24-0017.jpg	Bangkok - Shinkanzen @ Samyan Mitrtown
Food 2010	BKK2010-0018.jpg	Bangkok - Siam Paragon
Food 2010	BKK2010-0019.jpg	Bangkok - Siam Paragon
Food 2010	BKK2010-0024.jpg	Bangkok - Siam Paragon
Food 2010	BKK2010-0025.jpg	Bangkok - Siam Paragon
Food 2010	BKK2010-0026.jpg	Bangkok - Siam Paragon
Food 2010	BKK2010-0027.jpg	Bangkok - Siam Paragon
Food 2010	BKK2010-0028.jpg	Bangkok - Siam Paragon
Food 2010	BKK2010-0029.jpg	Bangkok - Siam Paragon
Food 2010	BKK2010-0052.jpg	Bangkok - Siam Paragon
Food 2010	BKK2010-0082.jpg	Bangkok - Siam Paragon Foodcourt
Food 2010	BKK2010-0083.jpg	Bangkok - Siam Paragon Foodcourt
Food 2015	Thai15-0234.jpg	Bangkok - Sidare B&B
Food 2024	TH24-0003.jpg	Bangkok - SomtumDer
more restos 2020-2026	TH24-0004.jpg	Bangkok - SomtumDer
Food 2024	TH24-0038.jpg	Bangkok - Sooksiam
more restos 2020-2026	TH24-0039.jpg	Bangkok - Sooksiam
Food 2024	TH24-0039.jpg	Bangkok - Sooksiam
Food 2024	TH24-0040.jpg	Bangkok - Sooksiam
Food 2024	TH24-0269.jpg	Bangkok - SookSiam
Food 2024	TH24-0270.jpg	Bangkok - SookSiam
Food 2024	TH24-0271.jpg	Bangkok - SookSiam
Food 2022	Thai22-0144.jpg	Bangkok - Sooksiam
Food 2022	Thai22-0145.jpg	Bangkok - Sooksiam
Food 2019	Thai19-0369.jpg	Bangkok - SookSiam @ IconSiam
Food 2019	Thai19-0370.jpg	Bangkok - SookSiam @ IconSiam
Food 2019	Thai19-0371.jpg	Bangkok - SookSiam @ IconSiam
Food 2019	Thai19-0372.jpg	Bangkok - SookSiam @ IconSiam
Food 2019	Thai19-0373.jpg	Bangkok - SookSiam @ IconSiam
Food 2019	Thai19-0374.jpg	Bangkok - SookSiam @ IconSiam
Food 2019	Thai19-0375.jpg	Bangkok - SookSiam @ IconSiam
Food 2019	Thai19-0376.jpg	Bangkok - SookSiam @ IconSiam
Food 2019	Thai19-0377.jpg	Bangkok - SookSiam @ IconSiam
Food 2019	Thai19-0378.jpg	Bangkok - SookSiam @ IconSiam
Food 2019	Thai19-0379.jpg	Bangkok - SookSiam @ IconSiam
Food 2019	Thai19-0380.jpg	Bangkok - SookSiam @ IconSiam
Food 2019	Thai19-0381.jpg	Bangkok - SookSiam @ IconSiam
Food 2019	Thai19-0382.jpg	Bangkok - SookSiam @ IconSiam
Food 2019	Thai19-0383.jpg	Bangkok - SookSiam @ IconSiam
Food 2015	Thai15-0025.jpg	Bangkok - Starbucks @ KSR
Food 2014	TH14-0228.jpg	Bangkok - State Tower
Food 2014	TH14-0229.jpg	Bangkok - State Tower
Food 2014	TH14-0230.jpg	Bangkok - State Tower
Food 2014	TH14-0235.jpg	Bangkok - State Tower
Food 2014	TH14-0236.jpg	Bangkok - State Tower
Food 2014	TH14-0237.jpg	Bangkok - State Tower
Food 2014	TH14-0238.jpg	Bangkok - State Tower
Food 2014	TH14-0239.jpg	Bangkok - State Tower
Food 2014	TH14-0252.jpg	Bangkok - State Tower
Food 2014	TH14-0253.jpg	Bangkok - State Tower
Food 2014	TH14-0277.jpg	Bangkok - State Tower
Food 2014	TH14-0324.jpg	Bangkok - State Tower
Food 2014	TH14-0331.jpg	Bangkok - State Tower
Food 2010	BKK2010-0043.jpg	Bangkok - Suite@President Solitaire
Food 2019	Thai19-0039.jpg	Bangkok - Sung Potchana
Food 2019	Thai19-0040.jpg	Bangkok - Sung Potchana
Food 2019	Thai19-0041.jpg	Bangkok - Sung Potchana
Food 2010	BKK2010-0001.jpg	Bangkok - Supper Club
Food 2010	BKK2010-0002.jpg	Bangkok - Supper Club
Food 2010	BKK2010-0003.jpg	Bangkok - Supper Club
Food 2010	BKK2010-0004.jpg	Bangkok - Supper Club
Food 2010	BKK2010-0005.jpg	Bangkok - Supper Club
Food 2010	BKK2010-0006.jpg	Bangkok - Supper Club
Food 2010	BKK2010-0007.jpg	Bangkok - Supper Club
Food 2016	Bkk16-0002.jpg	Bangkok - Sushi Den @ Centralworld
Food 2014	TH14-0315.jpg	Bangkok - Sushi Den @ CTW
Food 2014	TH14-0316.jpg	Bangkok - Sushi Den @ CTW
Food 2014	TH14-0317.jpg	Bangkok - Sushi Den @ CTW
Food 2014	TH14-0340.jpg	Bangkok - Sushi Den @ CTW
Food 2014	TH14-0341.jpg	Bangkok - Sushi Den @ CTW
Food 2014	TH14-0342.jpg	Bangkok - Sushi Den @ CTW
Food 2016	Bkk16-0018.jpg	Bangkok - Sushi Den @ Siam Paragon
Food 2016	Bkk16-0019.jpg	Bangkok - Sushi Den @ Siam Paragon
Food 2014	TH14-0328.jpg	Bangkok - Sushi Den @ Siam Paragon
Food 2019	Thai19-0396.jpg	Bangkok - Sushi Hiro @ Samyan Mitrtown
Food 2019	Thai19-0397.jpg	Bangkok - Sushi Hiro @ Samyan Mitrtown
Food 2019	Thai19-0398.jpg	Bangkok - Sushi Hiro @ Samyan Mitrtown
Food 2019	Thai19-0399.jpg	Bangkok - Sushi Hiro @ Samyan Mitrtown
Food 2019	Thai19-0400.jpg	Bangkok - Sushi Hiro @ Samyan Mitrtown
Food 2019	Thai19-0401.jpg	Bangkok - Sushi Hiro @ Samyan Mitrtown
Food 2019	Thai19-0402.jpg	Bangkok - Sushi Hiro @ Samyan Mitrtown
Food 2019	Thai19-0403.jpg	Bangkok - Sushi Hiro @ Samyan Mitrtown
Food 2025	SEA25-0670.jpg	Bangkok - Sushiro @ IconSiam
Food 2025	SEA25-0671.jpg	Bangkok - Sushiro @ IconSiam
Food 2025	SEA25-0672.jpg	Bangkok - Sushiro @ IconSiam
Food 2024	TH24-0263.jpg	Bangkok - Sushiro @ IconSiam
Food 2024	TH24-0264.jpg	Bangkok - Sushiro @ IconSiam
Food 2024	TH24-0266.jpg	Bangkok - Sushiro @ IconSiam
Food 2024	TH24-0267.jpg	Bangkok - Sushiro @ IconSiam
Food 2024	TH24-0268.jpg	Bangkok - Sushiro @ IconSiam
Food 2012	BKK12-0002.jpg	Bangkok - Suvarnabhumi Airport
Food 2012	BKK12-0111.jpg	Bangkok - Tadaima @ Ekkamai
Food 2012	BKK12-0112.jpg	Bangkok - Tadaima @ Ekkamai
Food 2012	BKK12-0113.jpg	Bangkok - Tadaima @ Ekkamai
Food 2012	BKK12-0035.jpg	Bangkok - Taketei
Food 2012	BKK12-0036.jpg	Bangkok - Taketei
Food 2012	BKK12-0037.jpg	Bangkok - Taketei
Food 2010	BKK2010-0079.jpg	Bangkok - Taling Pling @ CTW
Food 2010	BKK2010-0080.jpg	Bangkok - Taling Pling @ CTW
Food 2010	BKK2010-0081.jpg	Bangkok - Taling Pling @ CTW
Food 2010	BKK2010-0010.jpg	Bangkok - Tapas CafÃ©
Food 2010	BKK2010-0011.jpg	Bangkok - Tapas CafÃ©
Food 2010	BKK2010-0012.jpg	Bangkok - Tapas CafÃ©
Food 2010	BKK2010-0013.jpg	Bangkok - Tapas CafÃ©
Food 2019	Thai19-0358.jpg	Bangkok - Tawandang
Food 2019	Thai19-0359.jpg	Bangkok - Tawandang
Food 2019	Thai19-0360.jpg	Bangkok - Tawandang
Food 2019	Thai19-0361.jpg	Bangkok - Tawandang
Food 2017	Thai17-0237.jpg	Bangkok - Tawandang Brew House
Food 2017	Thai17-0238.jpg	Bangkok - Tawandang Brew House
Food 2017	Thai17-0239.jpg	Bangkok - Tawandang Brew House
Food 2017	Thai17-0240.jpg	Bangkok - Tawandang Brew House
Food 2012	BKK12-0122.jpg	Bangkok - Terminal 21
Food 2019	Thai19-0336.jpg	Bangkok - Terminal 21
Food 2018	MLKLBKK18-0128.jpg	Bangkok - Terminal21
Food 2015	Thai15-0006.jpg	Bangkok - Thanon Dinso Duck Noodles
Food 2025	SEA25-0665.jpg	Bangkok - The Camping Ground
Food 2025	SEA25-0666.jpg	Bangkok - The Camping Ground
Food 2025	SEA25-0667.jpg	Bangkok - The Camping Ground
Food 2012	BKK12-0066.jpg	Bangkok - The Fabulous Bar & Dessert CafÃ©
Food 2012	BKK12-0067.jpg	Bangkok - The Fabulous Bar & Dessert CafÃ©
Food 2012	BKK12-0033.jpg	Bangkok - The Fabulous bar & Dessert Cafe
Food 2012	BKK12-0034.jpg	Bangkok - The Fabulous bar & Dessert Cafe
Food 2026	BKK26-0038.jpg	Bangkok  The Junction Bang Kachao
more restos 2020-2026	BKK26-0048.jpg	Bangkok  The Junction Bang Kachao
Food 2026	BKK26-0048.jpg	Bangkok  The Junction Bang Kachao
Food 2019	Thai19-0061.jpg	Bangkok - The Street Food Court
Food 2019	Thai19-0066.jpg	Bangkok - The Street Food Court
Food 2019	Thai19-0067.jpg	Bangkok - The Street Food Court
Food 2022	Thai22-0103.jpg	Bangkok - Thipsamai
Food 2025	SEA25-0690.jpg	Bangkok - Thungchiangmai
Food 2019	Thai19-0279.jpg	Bangkok - Tilac Bar
Food 2019	Thai19-0280.jpg	Bangkok - Tilac Bar
Food 2016	Bkk16-0017.jpg	Bangkok - Tim Ho Wan @ Ekkamai
Food 2024	TH24-0013.jpg	Bangkok - Toms CafÃ©
Food 2024	TH24-0014.jpg	Bangkok - Toms CafÃ©
Food 2024	TH24-0021.jpg	Bangkok - Tops @ Rama 9 Plaza
Food 2024	TH24-0022.jpg	Bangkok - Tops @ Rama 9 Plaza
Food 2017	Thai17-0011.jpg	Bangkok - Tops Food Court @ Rama9
more restos 2020-2026	Thai22-0131.jpg	Bangkok - Uni Coffee Roastery
Food 2022	Thai22-0131.jpg	Bangkok - Uni Coffee Roastery
more restos 2020-2026	Thai22-0132.jpg	Bangkok - Uni Coffee Roastery
Food 2014	TH14-0347.jpg	Bangkok - Urbana Langsuan
Food 2014	TH14-0356.jpg	Bangkok - Urbana Langsuan
Food 2014	TH14-0363.jpg	Bangkok - Urbana Langsuan
Food 2014	TH14-0364.jpg	Bangkok - Urbana Langsuan
Food 2014	TH14-0365.jpg	Bangkok - Urbana Langsuan
Food 2014	TH14-0366.jpg	Bangkok - Urbana Langsuan
Food 2014	TH14-0367.jpg	Bangkok - Urbana Langsuan
Food 2014	TH14-0368.jpg	Bangkok - Urbana Langsuan
Food 2014	TH14-0369.jpg	Bangkok - Urbana Langsuan
Food 2014	TH14-0372.jpg	Bangkok - Urbana Langsuan
Food 2022	Thai22-0018.jpg	Bangkok - Vespa Cafe
Food 2019	Thai19-0364.jpg	Bangkok - Wandee
Food 2022	Thai22-0154.jpg	Bangkok - Wine Connection
Food 2022	Thai22-0155.jpg	Bangkok - Wine Connection
Food 2022	Thai22-0156.jpg	Bangkok - Wine Connection
Food 2022	Thai22-0157.jpg	Bangkok - Wine Connection
Food 2022	Thai22-0158.jpg	Bangkok - Wine Connection
Food 2022	Thai22-0159.jpg	Bangkok - Wine Connection
Food 2016	Bkk16-0078.jpg	Bangkok - Wine Connection @ Raintree
Food 2016	Bkk16-0079.jpg	Bangkok - Wine Connection @ Raintree
Food 2017	Thai17-0009.jpg	Bangkok - Wine Connection @ Raintree
Food 2017	Thai17-0010.jpg	Bangkok - Wine Connection @ Raintree
Food 2017	Thai17-0253.jpg	Bangkok - Wine I Love You @ EmQuartier
Food 2017	Thai17-0254.jpg	Bangkok - Wine I Love You @ EmQuartier
Food 2016	Bkk16-0011.jpg	Bangkok - Wine, I love You @ EmQuartier
Food 2016	Bkk16-0012.jpg	Bangkok - Wine, I love You @ EmQuartier
Food 2016	Bkk16-0013.jpg	Bangkok - Wine, I love You @ EmQuartier
Food 2016	Bkk16-0014.jpg	Bangkok - Wine, I love You @ EmQuartier
Food 2016	Bkk16-0023.jpg	Bangkok - Wine, I love You @ EmQuartier
Food 2014	TH14-0220.jpg	Bangkok - Yong He Dou Jiang
Food 2014	TH14-0221.jpg	Bangkok - Yong He Dou Jiang
Food 2014	TH14-0222.jpg	Bangkok - Yong He Dou Jiang
Food 2022	Thai22-0119.jpg	Bangkok - Yong He Dou Jiang Soy Milk
Food 2022	Thai22-0120.jpg	Bangkok - Yong He Dou Jiang Soy Milk
Food 2022	Thai22-0121.jpg	Bangkok - Yong He Dou Jiang Soy Milk
Food 2012	BKK12-0114.jpg	Bangkok - Yura-An @ Centralworld
Food 2012	BKK12-0115.jpg	Bangkok - Yura-An @ Centralworld
Food 2012	BKK12-0116.jpg	Bangkok - Yura-An @ Centralworld
Food 2012	BKK12-0117.jpg	Bangkok - Yura-An @ Centralworld
Food 2012	BKK12-0118.jpg	Bangkok - Yura-An @ Centralworld
Food 2016	Bkk16-0074.jpg	Bangkok - Zabb One
Food 2016	Bkk16-0075.jpg	Bangkok - Zabb One
Food 2016	Bkk16-0076.jpg	Bangkok - Zabb One
Food 2018	MLKLBKK18-0127.jpg	Bangkok - Zabb One Ratchada
Food 2016	Bkk16-0068.jpg	Bangkok - Zaks
Food 2016	Bkk16-0069.jpg	Bangkok - Zaks
Food 2016	Bkk16-0070.jpg	Bangkok - Zaks
Food 2016	Bkk16-0071.jpg	Bangkok - Zaks
Food 2016	Bkk16-0092.jpg	Bangkok - Zaks
Food 2016	Bkk16-0093.jpg	Bangkok - Zaks
Food 2017	Thai17-0012.jpg	Bangkok - Zaks
Food 2017	Thai17-0013.jpg	Bangkok - Zaks
Food 2017	Thai17-0242.jpg	Bangkok - Zaks
Food 2012	BKK12-0038.jpg	Bangkok - Zaks Wine Pub
Food 2012	BKK12-0039.jpg	Bangkok - Zaks Wine Pub
Food 2012	BKK12-0040.jpg	Bangkok - Zaks Wine Pub
Food 2012	BKK12-0041.jpg	Bangkok - Zaks Wine Pub
Food 2016	Bkk16-0056.jpg	Bangkok -Have a Zeed @ The Street
Food 2025	SEA25-0801.jpg	Chiang Mai
Food 2014	TH14-0004.jpg	Chiang Mai
Food 2014	TH14-0005.jpg	Chiang Mai
Food 2014	TH14-0006.jpg	Chiang Mai
Food 2014	TH14-0007.jpg	Chiang Mai
Food 2014	TH14-0012.jpg	Chiang Mai
Food 2014	TH14-0013.jpg	Chiang Mai
Food 2014	TH14-0014.jpg	Chiang Mai
Food 2014	TH14-0015.jpg	Chiang Mai
Food 2014	TH14-0016.jpg	Chiang Mai
Food 2014	TH14-0026.jpg	Chiang Mai
Food 2014	TH14-0027.jpg	Chiang Mai
Food 2014	TH14-0028.jpg	Chiang Mai
Food 2014	TH14-0030.jpg	Chiang Mai
Food 2014	TH14-0031.jpg	Chiang Mai
Food 2014	TH14-0032.jpg	Chiang Mai
Food 2014	TH14-0033.jpg	Chiang Mai
Food 2014	TH14-0034.jpg	Chiang Mai
Food 2014	TH14-0035.jpg	Chiang Mai
Food 2014	TH14-0036.jpg	Chiang Mai
Food 2014	TH14-0037.jpg	Chiang Mai
Food 2014	TH14-0042.jpg	Chiang Mai
Food 2014	TH14-0043.jpg	Chiang Mai
Food 2014	TH14-0044.jpg	Chiang Mai
Food 2014	TH14-0045.jpg	Chiang Mai
Food 2014	TH14-0047.jpg	Chiang Mai
Food 2014	TH14-0048.jpg	Chiang Mai
Food 2014	TH14-0049.jpg	Chiang Mai
Food 2014	TH14-0050.jpg	Chiang Mai
Food 2014	TH14-0051.jpg	Chiang Mai
Food 2014	TH14-0052.jpg	Chiang Mai
Food 2014	TH14-0053.jpg	Chiang Mai
Food 2014	TH14-0054.jpg	Chiang Mai
Food 2014	TH14-0060.jpg	Chiang Mai
Food 2014	TH14-0061.jpg	Chiang Mai
Food 2014	TH14-0062.jpg	Chiang Mai
Food 2014	TH14-0063.jpg	Chiang Mai
Food 2014	TH14-0064.jpg	Chiang Mai
Food 2014	TH14-0066.jpg	Chiang Mai
Food 2014	TH14-0105.jpg	Chiang Mai
Food 2014	TH14-0118.jpg	Chiang Mai
Food 2014	TH14-0119.jpg	Chiang Mai
Food 2014	TH14-0120.jpg	Chiang Mai
Food 2014	TH14-0121.jpg	Chiang Mai
Food 2014	TH14-0122.jpg	Chiang Mai
Food 2014	TH14-0123.jpg	Chiang Mai
Food 2014	TH14-0124.jpg	Chiang Mai
Food 2014	TH14-0125.jpg	Chiang Mai
Food 2014	TH14-0126.jpg	Chiang Mai
Food 2014	TH14-0127.jpg	Chiang Mai
Food 2014	TH14-0128.jpg	Chiang Mai
Food 2014	TH14-0129.jpg	Chiang Mai
Food 2014	TH14-0130.jpg	Chiang Mai
Food 2014	TH14-0131.jpg	Chiang Mai
Food 2014	TH14-0132.jpg	Chiang Mai
Food 2014	TH14-0133.jpg	Chiang Mai
Food 2014	TH14-0138.jpg	Chiang Mai
Food 2014	TH14-0139.jpg	Chiang Mai
Food 2014	TH14-0140.jpg	Chiang Mai
Food 2014	TH14-0143.jpg	Chiang Mai
Food 2014	TH14-0144.jpg	Chiang Mai
Food 2014	TH14-0145.jpg	Chiang Mai
Food 2014	TH14-0146.jpg	Chiang Mai
Food 2014	TH14-0147.jpg	Chiang Mai
Food 2014	TH14-0148.jpg	Chiang Mai
Food 2014	TH14-0149.jpg	Chiang Mai
Food 2014	TH14-0150.jpg	Chiang Mai
Food 2014	TH14-0151.jpg	Chiang Mai
Food 2014	TH14-0152.jpg	Chiang Mai
Food 2014	TH14-0153.jpg	Chiang Mai
Food 2014	TH14-0154.jpg	Chiang Mai
Food 2014	TH14-0155.jpg	Chiang Mai
Food 2014	TH14-0156.jpg	Chiang Mai
Food 2014	TH14-0157.jpg	Chiang Mai
Food 2014	TH14-0159.jpg	Chiang Mai
Food 2014	TH14-0160.jpg	Chiang Mai
Food 2014	TH14-0161.jpg	Chiang Mai
Food 2014	TH14-0162.jpg	Chiang Mai
Food 2014	TH14-0163.jpg	Chiang Mai
Food 2014	TH14-0168.jpg	Chiang Mai
Food 2014	TH14-0169.jpg	Chiang Mai
Food 2014	TH14-0170.jpg	Chiang Mai
Food 2014	TH14-0171.jpg	Chiang Mai
Food 2014	TH14-0172.jpg	Chiang Mai
Food 2014	TH14-0173.jpg	Chiang Mai
Food 2014	TH14-0174.jpg	Chiang Mai
Food 2014	TH14-0175.jpg	Chiang Mai
Food 2014	TH14-0176.jpg	Chiang Mai
Food 2014	TH14-0177.jpg	Chiang Mai
Food 2014	TH14-0178.jpg	Chiang Mai
Food 2014	TH14-0179.jpg	Chiang Mai
Food 2014	TH14-0180.jpg	Chiang Mai
Food 2014	TH14-0181.jpg	Chiang Mai
Food 2014	TH14-0182.jpg	Chiang Mai
Food 2014	TH14-0183.jpg	Chiang Mai
Food 2014	TH14-0184.jpg	Chiang Mai
Food 2014	TH14-0185.jpg	Chiang Mai
Food 2014	TH14-0186.jpg	Chiang Mai
Food 2014	TH14-0187.jpg	Chiang Mai
Food 2014	TH14-0188.jpg	Chiang Mai
Food 2014	TH14-0189.jpg	Chiang Mai
Food 2014	TH14-0190.jpg	Chiang Mai
Food 2014	TH14-0191.jpg	Chiang Mai
Food 2014	TH14-0192.jpg	Chiang Mai
Food 2014	TH14-0193.jpg	Chiang Mai
Food 2014	TH14-0194.jpg	Chiang Mai
Food 2014	TH14-0195.jpg	Chiang Mai
Food 2014	TH14-0196.jpg	Chiang Mai
Food 2014	TH14-0197.jpg	Chiang Mai
Food 2014	TH14-0198.jpg	Chiang Mai
Food 2014	TH14-0199.jpg	Chiang Mai
Food 2014	TH14-0201.jpg	Chiang Mai
Food 2014	TH14-0205.jpg	Chiang Mai
Food 2014	TH14-0206.jpg	Chiang Mai
Food 2014	TH14-0207.jpg	Chiang Mai
Food 2014	TH14-0208.jpg	Chiang Mai
Food 2014	TH14-0213.jpg	Chiang Mai
Food 2024	TH24-0123.jpg	Chiang Mai
Food 2024	TH24-0126.jpg	Chiang Mai
Food 2024	TH24-0189.jpg	Chiang Mai
Food 2024	TH24-0190.jpg	Chiang Mai
Food 2024	TH24-0223.jpg	Chiang Mai
Food 2013	Thai13-0002.jpg	Chiang Mai
Food 2013	Thai13-0003.jpg	Chiang Mai
Food 2013	Thai13-0004.jpg	Chiang Mai
Food 2013	Thai13-0005.jpg	Chiang Mai
Food 2013	Thai13-0006.jpg	Chiang Mai
Food 2013	Thai13-0007.jpg	Chiang Mai
Food 2013	Thai13-0008.jpg	Chiang Mai
Food 2013	Thai13-0011.jpg	Chiang Mai
Food 2013	Thai13-0012.jpg	Chiang Mai
Food 2013	Thai13-0013.jpg	Chiang Mai
Food 2013	Thai13-0014.jpg	Chiang Mai
Food 2013	Thai13-0015.jpg	Chiang Mai
Food 2013	Thai13-0016.jpg	Chiang Mai
Food 2013	Thai13-0017.jpg	Chiang Mai
Food 2013	Thai13-0018.jpg	Chiang Mai
Food 2013	Thai13-0019.jpg	Chiang Mai
Food 2013	Thai13-0020.jpg	Chiang Mai
Food 2013	Thai13-0054.jpg	Chiang Mai
Food 2013	Thai13-0055.jpg	Chiang Mai
Food 2013	Thai13-0056.jpg	Chiang Mai
Food 2013	Thai13-0057.jpg	Chiang Mai
Food 2017	Thai17-0117.jpg	Chiang Mai
Food 2017	Thai17-0118.jpg	Chiang Mai
Food 2017	Thai17-0129.jpg	Chiang Mai
Food 2017	Thai17-0130.jpg	Chiang Mai
Food 2017	Thai17-0131.jpg	Chiang Mai
Food 2017	Thai17-0132.jpg	Chiang Mai
Food 2017	Thai17-0133.jpg	Chiang Mai
Food 2017	Thai17-0134.jpg	Chiang Mai
Food 2017	Thai17-0135.jpg	Chiang Mai
Food 2017	Thai17-0138.jpg	Chiang Mai
Food 2017	Thai17-0185.jpg	Chiang Mai
Food 2017	Thai17-0186.jpg	Chiang Mai
Food 2017	Thai17-0187.jpg	Chiang Mai
Food 2017	Thai17-0188.jpg	Chiang Mai
Food 2017	Thai17-0199.jpg	Chiang Mai
Food 2017	Thai17-0200.jpg	Chiang Mai
Food 2017	Thai17-0207.jpg	Chiang Mai
Food 2017	Thai17-0210.jpg	Chiang Mai
Food 2017	Thai17-0211.jpg	Chiang Mai
Food 2017	Thai17-0223.jpg	Chiang Mai
Food 2017	Thai17-0224.jpg	Chiang Mai
Food 2017	Thai17-0228.jpg	Chiang Mai
Food 2017	Thai17-0233.jpg	Chiang Mai
Food 2017	Thai17-0234.jpg	Chiang Mai
Food 2017	Thai17-0235.jpg	Chiang Mai
Food 2025	SEA25-0765.jpg	Chiang Mai - A.T. Thaifoods
Food 2025	SEA25-0766.jpg	Chiang Mai - A.T. Thaifoods
more restos 2020-2026	TH24-0206.jpg	Chiang Mai - Akha Ama
Food 2024	TH24-0129.jpg	Chiang Mai - Aroon Rai
Food 2024	TH24-0131.jpg	Chiang Mai - Aroon Rai
Food 2024	TH24-0136.jpg	Chiang Mai - Auf der Au
Food 2024	TH24-0137.jpg	Chiang Mai - Auf der Au
Food 2024	TH24-0073.jpg	Chiang Mai - Barnakarn
Food 2024	TH24-0074.jpg	Chiang Mai - Barnakarn
Food 2024	TH24-0075.jpg	Chiang Mai - Barnakarn
Food 2024	TH24-0140.jpg	Chiang Mai - Barnakarn
Food 2017	Thai17-0114.jpg	Chiang Mai - Bear Hug
Food 2017	Thai17-0115.jpg	Chiang Mai - Bear Hug
Food 2017	Thai17-0116.jpg	Chiang Mai - Bear Hug
Food 2024	TH24-0142.jpg	Chiang Mai - Blue Diamond
Food 2017	Thai17-0229.jpg	Chiang Mai - Blue Diamond
Food 2017	Thai17-0230.jpg	Chiang Mai - Blue Diamond
Food 2025	SEA25-0762.jpg	Chiang Mai - By Hand
more restos 2020-2026	TH24-0122.jpg	Chiang Mai - By Hand Pizza
Food 2014	TH14-0134.jpg	Chiang Mai - CafÃ© de Thaan Aoan
Food 2014	TH14-0135.jpg	Chiang Mai - CafÃ© de Thaan Aoan
Food 2014	TH14-0136.jpg	Chiang Mai - CafÃ© de Thaan Aoan
Food 2014	TH14-0137.jpg	Chiang Mai - CafÃ© de Thaan Aoan
Food 2017	Thai17-0225.jpg	Chiang Mai - Cat Shack
Food 2017	Thai17-0226.jpg	Chiang Mai - Cat Shack
Food 2017	Thai17-0227.jpg	Chiang Mai - Cat Shack
Food 2017	Thai17-0126.jpg	Chiang Mai - Central Mall
Food 2024	TH24-0086.jpg	Chiang Mai - Chang Phuak Gate Night Market
Food 2024	TH24-0087.jpg	Chiang Mai - Chang Phuak Gate Night Market
Food 2024	TH24-0088.jpg	Chiang Mai - Chang Phuak Gate Night Market
Food 2024	TH24-0224.jpg	Chiang Mai - Chang Phuak Gate Night Market
Food 2024	TH24-0225.jpg	Chiang Mai - Chang Phuak Gate Night Market
Food 2024	TH24-0143.jpg	Chiang Mai - Cherng Doi Roast Chicken
Food 2014	TH14-0200.jpg	Chiang Mai - Chinese Restaurant @ The Harbour
Food 2017	Thai17-0119.jpg	Chiang Mai - Clay CafÃ©
Food 2017	Thai17-0120.jpg	Chiang Mai - Clay CafÃ©
Food 2017	Thai17-0121.jpg	Chiang Mai - Clay CafÃ©
Food 2025	SEA25-0708.jpg	Chiang Mai - Coconut Shell
Food 2025	SEA25-0709.jpg	Chiang Mai - Coconut Shell
Food 2025	SEA25-0756.jpg	Chiang Mai - Coconut Shell
Food 2024	TH24-0161.jpg	Chiang Mai - Cooconut Shel
Food 2024	TH24-0162.jpg	Chiang Mai - Cooconut Shel
Food 2025	SEA25-0798.jpg	Chiang Mai - Dao
Food 2025	SEA25-0799.jpg	Chiang Mai - Dao
Food 2025	SEA25-0752.jpg	Chiang Mai - Dao Chinese Restaurant
Food 2025	SEA25-0736.jpg	Chiang Mai - Daruma Izakaya
Food 2025	SEA25-0737.jpg	Chiang Mai - Daruma Izakaya
Food 2017	Thai17-0201.jpg	Chiang Mai - Deck 1
Food 2017	Thai17-0202.jpg	Chiang Mai - Deck 1
Food 2017	Thai17-0203.jpg	Chiang Mai - Deck 1
Food 2017	Thai17-0204.jpg	Chiang Mai - Deck 1
Food 2017	Thai17-0205.jpg	Chiang Mai - Deck 1
Food 2017	Thai17-0206.jpg	Chiang Mai - Deck 1
Food 2014	TH14-0106.jpg	Chiang Mai - DK David's Kitchen
Food 2014	TH14-0107.jpg	Chiang Mai - DK David's Kitchen
Food 2014	TH14-0108.jpg	Chiang Mai - DK David's Kitchen
Food 2014	TH14-0109.jpg	Chiang Mai - DK David's Kitchen
Food 2014	TH14-0110.jpg	Chiang Mai - DK David's Kitchen
Food 2014	TH14-0111.jpg	Chiang Mai - DK David's Kitchen
Food 2014	TH14-0112.jpg	Chiang Mai - DK David's Kitchen
Food 2014	TH14-0113.jpg	Chiang Mai - DK David's Kitchen
Food 2014	TH14-0114.jpg	Chiang Mai - DK David's Kitchen
Food 2014	TH14-0115.jpg	Chiang Mai - DK David's Kitchen
Food 2014	TH14-0117.jpg	Chiang Mai - DK David's Kitchen
Food 2017	Thai17-0208.jpg	Chiang Mai - Esarn @ Central
Food 2017	Thai17-0209.jpg	Chiang Mai - Esarn @ Central
Food 2017	Thai17-0184.jpg	Chiang Mai - Food Court @ Maya
Food 2014	TH14-0202.jpg	Chiang Mai - Fuji @ Maya
Food 2014	TH14-0203.jpg	Chiang Mai - Fuji @ Maya
Food 2014	TH14-0204.jpg	Chiang Mai - Fuji @ Maya
Food 2014	TH14-0008.jpg	Chiang Mai - Fuji @ Promenada
Food 2014	TH14-0009.jpg	Chiang Mai - Fuji @ Promenada
Food 2014	TH14-0010.jpg	Chiang Mai - Fuji @ Promenada
Food 2014	TH14-0011.jpg	Chiang Mai - Fuji @ Promenada
Food 2024	TH24-0220.jpg	Chiang Mai - Ginza Sushi
Food 2014	TH14-0209.jpg	Chiang Mai - Green House
Food 2014	TH14-0210.jpg	Chiang Mai - Green Table
Food 2014	TH14-0211.jpg	Chiang Mai - Green Table
Food 2014	TH14-0212.jpg	Chiang Mai - Green Table
Food 2013	Thai13-0062.jpg	Chiang Mai - Green Table
Food 2013	Thai13-0063.jpg	Chiang Mai - Green Table
Food 2013	Thai13-0064.jpg	Chiang Mai - Green Table
Food 2013	Thai13-0065.jpg	Chiang Mai - Green Table
Food 2013	Thai13-0066.jpg	Chiang Mai - Green Table
Food 2013	Thai13-0067.jpg	Chiang Mai - Green Table
Food 2013	Thai13-0068.jpg	Chiang Mai - Green Table
Food 2013	Thai13-0069.jpg	Chiang Mai - Green Table
more restos 2020-2026	TH24-0237.jpg	Chiang Mai - Guay Jab Chang Moi Tat Mai
Food 2024	TH24-0238.jpg	Chiang Mai - Guay Jab Chang Moi Tat Mai
Food 2024	TH24-0079.jpg	Chiang Mai - Herb Basics
Food 2017	Thai17-0180.jpg	Chiang Mai - Huean Jai Yong
Food 2017	Thai17-0181.jpg	Chiang Mai - Huean Jai Yong
Food 2017	Thai17-0182.jpg	Chiang Mai - Huean Jai Yong
Food 2017	Thai17-0183.jpg	Chiang Mai - Huean Jai Yong
Food 2024	TH24-0241.jpg	Chiang Mai - Huen Muan Jai
Food 2024	TH24-0109.jpg	Chiang Mai - Huen Phen
Food 2014	TH14-0141.jpg	Chiang Mai - Jasmine
Food 2014	TH14-0142.jpg	Chiang Mai - Jasmine
Food 2025	SEA25-0729.jpg	Chiang Mai - Jing Jai Market
Food 2025	SEA25-0731.jpg	Chiang Mai - Jing Jai Market
Food 2025	SEA25-0732.jpg	Chiang Mai - Jing Jai Market
Food 2025	SEA25-0757.jpg	Chiang Mai - Jinjiao Dumplings
Food 2025	SEA25-0758.jpg	Chiang Mai - Jok Somphet
Food 2024	TH24-0132.jpg	Chiang Mai - Kalare Night Bazaa
more restos 2020-2026	TH24-0208.jpg	Chiang Mai - Kalm
Food 2024	TH24-0212.jpg	Chiang Mai - Khanom Jeen Tai Baan
more restos 2020-2026	TH24-0231.jpg	Chiang Mai - Khao Soi Mae Manee
Food 2024	TH24-0232.jpg	Chiang Mai - Khao Soi Mae Manee
Food 2025	SEA25-0721.jpg	Chiang Mai - Khao Soi Maesai
Food 2025	SEA25-0722.jpg	Chiang Mai - Khao Soi Maesai
Food 2025	SEA25-0820.jpg	Chiang Mai - Khaomao-Khaofang Imaginary Jungle
Food 2025	SEA25-0821.jpg	Chiang Mai - Khaomao-Khaofang Imaginary Jungle
Food 2025	SEA25-0822.jpg	Chiang Mai - Khaomao-Khaofang Imaginary Jungle
Food 2024	TH24-0152.jpg	Chiang Mai - Khlong Mae Kha Night Market
Food 2024	TH24-0153.jpg	Chiang Mai - Khlong Mae Kha Night Market
more restos 2020-2026	TH24-0154.jpg	Chiang Mai - Khlong Mae Kha Night Market
Food 2024	TH24-0154.jpg	Chiang Mai - Khlong Mae Kha Night Market
Food 2024	TH24-0155.jpg	Chiang Mai - Khlong Mae Kha Night Market
Food 2025	SEA25-0828.jpg	Chiang Mai - Khun Puenâ€™s Thai BBQ
Food 2025	SEA25-0829.jpg	Chiang Mai - Khun Puenâ€™s Thai BBQ
Food 2025	SEA25-0830.jpg	Chiang Mai - Khun Puenâ€™s Thai BBQ
Food 2024	TH24-0235.jpg	Chiang Mai - Krua Phor Piang
Food 2024	TH24-0236.jpg	Chiang Mai - Krua Phor Piang
Food 2025	SEA25-0770.jpg	Chiang Mai - Lahori Chaska
Food 2024	TH24-0068.jpg	Chiang Mai - Lecker
more restos 2020-2026	TH24-0097.jpg	Chiang Mai - Lecker
Food 2024	TH24-0097.jpg	Chiang Mai - Lecker
Food 2025	SEA25-0763.jpg	Chiang Mai - Lookbua
Food 2025	SEA25-0771.jpg	Chiang Mai - Lookbua
Food 2024	TH24-0125.jpg	Chiang Mai - Maya Food Court
Food 2025	SEA25-0753.jpg	Chiang Mai - Memories of Chiang Mai
Food 2025	SEA25-0754.jpg	Chiang Mai - Memories of Chiang Mai
more restos 2020-2026	SEA25-0755.jpg	Chiang Mai - Memories of Chiang Mai
Food 2014	TH14-0055.jpg	Chiang Mai - Mix @ Promenada
Food 2014	TH14-0056.jpg	Chiang Mai - Mix @ Promenada
Food 2014	TH14-0057.jpg	Chiang Mai - Mix @ Promenada
Food 2014	TH14-0058.jpg	Chiang Mai - Mix @ Promenada
Food 2014	TH14-0059.jpg	Chiang Mai - Mix @ Promenada
Food 2024	TH24-0194.jpg	Chiang Mai - Muay
Food 2024	TH24-0195.jpg	Chiang Mai - Muay
Food 2014	TH14-0017.jpg	Chiang Mai - Musashi
Food 2014	TH14-0018.jpg	Chiang Mai - Musashi
Food 2014	TH14-0019.jpg	Chiang Mai - Musashi
Food 2014	TH14-0020.jpg	Chiang Mai - Musashi
Food 2014	TH14-0021.jpg	Chiang Mai - Musashi
Food 2014	TH14-0022.jpg	Chiang Mai - Musashi
Food 2014	TH14-0023.jpg	Chiang Mai - Musashi
Food 2014	TH14-0024.jpg	Chiang Mai - Musashi
Food 2014	TH14-0025.jpg	Chiang Mai - Musashi
Food 2014	TH14-0038.jpg	Chiang Mai - Musashi
Food 2014	TH14-0039.jpg	Chiang Mai - Musashi
Food 2014	TH14-0040.jpg	Chiang Mai - Musashi
Food 2014	TH14-0041.jpg	Chiang Mai - Musashi
Food 2014	TH14-0116.jpg	Chiang Mai - Musashi
Food 2014	TH14-0158.jpg	Chiang Mai - Musashi
Food 2017	Thai17-0122.jpg	Chiang Mai - Musashi Sushi
Food 2017	Thai17-0123.jpg	Chiang Mai - Musashi Sushi
Food 2017	Thai17-0124.jpg	Chiang Mai - Musashi Sushi
Food 2017	Thai17-0191.jpg	Chiang Mai - Musashi Sushi
Food 2017	Thai17-0192.jpg	Chiang Mai - Musashi Sushi
Food 2017	Thai17-0193.jpg	Chiang Mai - Musashi Sushi
Food 2017	Thai17-0220.jpg	Chiang Mai - Musashi Sushi
Food 2017	Thai17-0221.jpg	Chiang Mai - Musashi Sushi
Food 2017	Thai17-0222.jpg	Chiang Mai - Musashi Sushi
Food 2025	SEA25-0738.jpg	Chiang Mai - Nengâ€™s Clay Oven Roasted Pork
Food 2025	SEA25-0739.jpg	Chiang Mai - Nengâ€™s Clay Oven Roasted Pork
Food 2025	SEA25-0740.jpg	Chiang Mai - Nengâ€™s Clay Oven Roasted Pork
Food 2025	SEA25-0741.jpg	Chiang Mai - Nengâ€™s Clay Oven Roasted Pork
Food 2025	SEA25-0760.jpg	Chiang Mai - Nengâ€™s Clay Oven Roasted Pork
Food 2025	SEA25-0775.jpg	Chiang Mai - Nengâ€™s Clay Oven Roasted Pork
Food 2025	SEA25-0806.jpg	Chiang Mai - Next-Level Som Tum
Food 2025	SEA25-0841.jpg	Chiang Mai - Number 9
Food 2025	SEA25-0842.jpg	Chiang Mai - Number 9
Food 2025	SEA25-0767.jpg	Chiang Mai - Ochatee
Food 2025	SEA25-0768.jpg	Chiang Mai - Ochatee
Food 2024	TH24-0245.jpg	Chiang Mai - Okada Izakaya
Food 2024	TH24-0246.jpg	Chiang Mai - Okada Izakaya
Food 2024	TH24-0247.jpg	Chiang Mai - Okada Izakaya
Food 2024	TH24-0248.jpg	Chiang Mai - Okada Izakaya
Food 2013	Thai13-0009.jpg	Chiang Mai - Overstand
Food 2013	Thai13-0010.jpg	Chiang Mai - Overstand
Food 2017	Thai17-0128.jpg	Chiang Mai - Overstand
Food 2017	Thai17-0231.jpg	Chiang Mai - Peppermint Cafe
Food 2017	Thai17-0232.jpg	Chiang Mai - Peppermint Cafe
Food 2017	Thai17-0194.jpg	Chiang Mai - Rimping @ Promenada
Food 2017	Thai17-0195.jpg	Chiang Mai - Rimping @ Promenada
Food 2017	Thai17-0196.jpg	Chiang Mai - Rimping @ Promenada
Food 2017	Thai17-0197.jpg	Chiang Mai - Rimping @ Promenada
Food 2025	SEA25-0802.jpg	Chiang Mai - Ristr8to
Food 2013	Thai13-0058.jpg	Chiang Mai - Ristr8to
Food 2013	Thai13-0059.jpg	Chiang Mai - Ristr8to
Food 2013	Thai13-0060.jpg	Chiang Mai - Ristr8to
Food 2013	Thai13-0061.jpg	Chiang Mai - Ristr8to
Food 2017	Thai17-0189.jpg	Chiang Mai - Ristr8tto
Food 2017	Thai17-0190.jpg	Chiang Mai - Ristr8tto
Food 2017	Thai17-0125.jpg	Chiang Mai - Rose Ice Cream
Food 2024	TH24-0133.jpg	Chiang Mai - Rotee Pa Day
Food 2024	TH24-0134.jpg	Chiang Mai - Rotee Pa Day
Food 2014	TH14-0065.jpg	Chiang Mai - Royal India
Food 2024	TH24-0233.jpg	Chiang Mai - Salsa Kitchen
Food 2014	TH14-0046.jpg	Chiang Mai - Segafredo @ Central Festival
Food 2024	TH24-0249.jpg	Chiang Mai - Somtam Rom Pla Dek
Food 2024	TH24-0250.jpg	Chiang Mai - Somtam Rom Pla Dek
Food 2024	TH24-0082.jpg	Chiang Mai - Sorn Chan
Food 2024	TH24-0083.jpg	Chiang Mai - Sorn Chan
Food 2024	TH24-0084.jpg	Chiang Mai - Sorn Chan
more restos 2020-2026	TH24-0085.jpg	Chiang Mai - Sorn Chan
Food 2024	TH24-0085.jpg	Chiang Mai - Sorn Chan
Food 2025	SEA25-0703.jpg	Chiang Mai - SP Chicken
Food 2024	TH24-0092.jpg	Chiang Mai - SP Chicken
Food 2024	TH24-0093.jpg	Chiang Mai - SP Chicken
Food 2024	TH24-0094.jpg	Chiang Mai - SP Chicken
Food 2024	TH24-0197.jpg	Chiang Mai - SP Chicken
Food 2024	TH24-0089.jpg	Chiang Mai - Stories
Food 2024	TH24-0170.jpg	Chiang Mai - Stories
Food 2024	TH24-0117.jpg	Chiang Mai - Sunday Walking Street
Food 2024	TH24-0119.jpg	Chiang Mai - Sunday Walking Street
Food 2024	TH24-0120.jpg	Chiang Mai - Sunday Walking Street
Food 2025	SEA25-0845.jpg	Chiang Mai - TC CNX
Food 2025	SEA25-0761.jpg	Chiang Mai - Thai 1 On
Food 2025	SEA25-0786.jpg	Chiang Mai - Thai 1 On
Food 2025	SEA25-0787.jpg	Chiang Mai - Thai 1 On
Food 2025	SEA25-0839.jpg	Chiang Mai - Thai 1 On
more restos 2020-2026	SEA25-0807.jpg	Chiang Mai - The Baristro Asian Style
Food 2025	SEA25-0808.jpg	Chiang Mai - The Baristro Asian Style
more restos 2020-2026	SEA25-0812.jpg	Chiang Mai - The Baristro Asian Style
Food 2014	TH14-0002.jpg	Chiang Mai - The Coffee Club
Food 2014	TH14-0003.jpg	Chiang Mai - The Coffee Club
Food 2014	TH14-0029.jpg	Chiang Mai - The Coffee Club
Food 2013	Thai13-0028.jpg	Chiang Mai - The Coffee Club
Food 2013	Thai13-0029.jpg	Chiang Mai - The Coffee Club
Food 2025	SEA25-0706.jpg	Chiang Mai - The Globe
Food 2024	TH24-0107.jpg	Chiang Mai - The Globe
Food 2024	TH24-0121.jpg	Chiang Mai - The Globe
Food 2014	TH14-0164.jpg	Chiang Mai - The House
Food 2014	TH14-0165.jpg	Chiang Mai - The House
Food 2014	TH14-0166.jpg	Chiang Mai - The House
Food 2014	TH14-0167.jpg	Chiang Mai - The House
Food 2017	Thai17-0136.jpg	Chiang Mai - The House by Ginger
Food 2017	Thai17-0137.jpg	Chiang Mai - The House by Ginger
Food 2025	SEA25-0776.jpg	Chiang Mai - Tomimaki
Food 2025	SEA25-0777.jpg	Chiang Mai - Tomimaki
Food 2025	SEA25-0750.jpg	Chiang Mai - View Suai Coffee
Food 2017	Thai17-0127.jpg	Chiang Mai - Wine Connection @ Promenada
Food 2017	Thai17-0198.jpg	Chiang Mai - Woo CafÃ©
Food 2024	TH24-0187.jpg	Chiang Mai - Yuis Eatery
Food 2024	TH24-0188.jpg	Chiang Mai - Yuis Eatery
Food 2013	Thai13-0021.jpg	Chiang Mai -Bam7
Food 2013	Thai13-0022.jpg	Chiang Mai -Bam7
Food 2013	Thai13-0023.jpg	Chiang Mai -Bam7
Food 2013	Thai13-0024.jpg	Chiang Mai -Bam7
Food 2024	TH24-0099.jpg	Chiang Mai Gate Night Market
Food 2024	TH24-0100.jpg	Chiang Mai Gate Night Market
Food 2014	TH14-0067.jpg	Chiang Mai Province - Coffee Hill 32
Food 2014	TH14-0068.jpg	Chiang Mai Province - Coffee Hill 32
Food 2014	TH14-0069.jpg	Chiang Mai Province - Coffee Hill 32
Food 2014	TH14-0070.jpg	Chiang Mai Province - Coffee Hill 32
Food 2014	TH14-0071.jpg	Chiang Mai Province - Coffee Hill 32
Food 2014	TH14-0072.jpg	Chiang Mai Province - Coffee Hill 32
Food 2014	TH14-0073.jpg	Chiang Mai Province - Coffee Hill 32
Food 2014	TH14-0074.jpg	Chiang Mai Province - Coffee Hill 32
Food 2024	TH24-0180.jpg	Chiang Mai -Ratanas Kitchen
Food 2024	TH24-0181.jpg	Chiang Mai -Ratanas Kitchen
